-- phpMyAdmin SQL Dump
-- version 4.5.4.1
-- http://www.phpmyadmin.net
--
-- Host: localhost
-- Generation Time: Mar 20, 2019 at 04:32 AM
-- Server version: 5.7.11
-- PHP Version: 7.0.3

SET SQL_MODE = "NO_AUTO_VALUE_ON_ZERO";
SET time_zone = "+00:00";


/*!40101 SET @OLD_CHARACTER_SET_CLIENT=@@CHARACTER_SET_CLIENT */;
/*!40101 SET @OLD_CHARACTER_SET_RESULTS=@@CHARACTER_SET_RESULTS */;
/*!40101 SET @OLD_COLLATION_CONNECTION=@@COLLATION_CONNECTION */;
/*!40101 SET NAMES utf8mb4 */;

--
-- Database: `toko_reptil`
--

-- --------------------------------------------------------

--
-- Table structure for table `artikel`
--

CREATE TABLE `artikel` (
  `id_artikel` int(11) NOT NULL,
  `judul_artikel` varchar(255) NOT NULL,
  `isi_artikel` text NOT NULL,
  `penulis_artikel` varchar(255) NOT NULL,
  `kategori_artikel` varchar(255) NOT NULL,
  `gambar_artikel` varchar(255) NOT NULL,
  `sumber_artikel` varchar(255) NOT NULL,
  `insert_on` timestamp NOT NULL DEFAULT CURRENT_TIMESTAMP ON UPDATE CURRENT_TIMESTAMP,
  `update_on` timestamp NOT NULL DEFAULT CURRENT_TIMESTAMP
) ENGINE=InnoDB DEFAULT CHARSET=latin1;

--
-- Dumping data for table `artikel`
--

INSERT INTO `artikel` (`id_artikel`, `judul_artikel`, `isi_artikel`, `penulis_artikel`, `kategori_artikel`, `gambar_artikel`, `sumber_artikel`, `insert_on`, `update_on`) VALUES
(1, 'Iguana', 'Iguana adalah marga kadal yang hidup di daerah tropis Amerika Tengah, Amerika Selatan, dan kepulauan Karibia. Kadal-kadal ini dideskripsikan pertama kali oleh seorang ahli hewan berkebangsaan Austria, Josephus Nicolaus Laurenti pada tahun 1768. Sejauh ini, genus Iguana hanya terdiri dari dua spesies, yaitu iguana hijau (Iguana iguana) dan iguana Antilles Kecil (Iguana delicatissima).\r\n\r\nIstilah "iguana" diketahui kemungkinan berasal dari bahasa Taino (salah satu suku asli Amerika) yaitu "iwana" yang juga merujuk pada kadal-kadal ini.\r\n\r\nPanjang tubuh iguana antara 1.5 meter hingga 1.8 meter, termasuk panjang ekor. Ciri khas dari iguana adalah memiliki jambul (seperti pada ayam jantan) di bawah rahang mereka, serta deretan sisik membentuk duri besar di tubuh bagian atasnya, yang berjejer dari leher hingga pangkal ekor. Selain itu, iguana juga memiliki organ tubuh mirip mata pada bagian atas kepalanya. Organ tersebut berfungsi untuk menganalisis cahaya di sekitarnya. Warna tubuh iguana bervariasi, mulai dari hijau terang, hijau kecokelatan, hijau lumut, hijau kekuningan atau keabu-abuan, atau cokelat karamel. Ekor iguana berwarna sama dengan tubuh dan dihiasi dengan belang belang hitam atau gelap dari pangkal hingga ujung.\r\n\r\nIguana telah beradaptasi dengan baik sebagai kadal pohon dan kadal pemakan tumbuhan (herbivora). Akan tetapi, mereka tetap memerlukan nutrisi hewani, biasanya dengan memakan serangga kecil yang ada di tumbuhan yang mereka makan.', 'admin', 'Pengetahuan', '796px-St_Thomas_Marriott_Iguana_9_cropped3.jpg', 'https://id.wikipedia.org/wiki/Iguana', '2019-03-13 05:21:04', '2019-03-13 05:21:04'),
(2, 'Tarantula', '', 'coba', 'Pengetahuan', 'Jellyfish1.jpg', 'https://id.wikipedia.org/wiki/Tarantula', '2019-03-15 03:36:31', '2019-03-15 03:20:46');

-- --------------------------------------------------------

--
-- Table structure for table `barang`
--

CREATE TABLE `barang` (
  `id_barang` int(11) NOT NULL,
  `nama_barang` varchar(100) NOT NULL,
  `harga_barang` int(11) NOT NULL,
  `keterangan_barang` varchar(255) NOT NULL,
  `gambar1_barang` varchar(255) NOT NULL,
  `gambar2_barang` varchar(255) NOT NULL,
  `gambar3_barang` varchar(255) NOT NULL,
  `idsubkategori_barang` int(11) NOT NULL,
  `idpersonal_barang` int(11) NOT NULL,
  `status_barang` enum('PENDING','TERTAMPIL') NOT NULL
) ENGINE=InnoDB DEFAULT CHARSET=latin1;

--
-- Dumping data for table `barang`
--

INSERT INTO `barang` (`id_barang`, `nama_barang`, `harga_barang`, `keterangan_barang`, `gambar1_barang`, `gambar2_barang`, `gambar3_barang`, `idsubkategori_barang`, `idpersonal_barang`, `status_barang`) VALUES
(1, 'Blue Insularis', 300000, 'Berbahaya', 'Chrysanthemum2.jpg', 'Desert2.jpg', 'Hydrangeas2.jpg', 1, 5, 'PENDING'),
(2, 'Kura-kura', 300000, 'asdf', 'Koala.jpg', 'Penguins.jpg', 'Jellyfish.jpg', 1, 4, 'PENDING');

-- --------------------------------------------------------

--
-- Table structure for table `ci_sessions`
--

CREATE TABLE `ci_sessions` (
  `id` varchar(128) NOT NULL,
  `ip_address` varchar(45) NOT NULL,
  `timestamp` int(10) UNSIGNED NOT NULL DEFAULT '0',
  `data` blob NOT NULL
) ENGINE=InnoDB DEFAULT CHARSET=utf8;

--
-- Dumping data for table `ci_sessions`
--

INSERT INTO `ci_sessions` (`id`, `ip_address`, `timestamp`, `data`) VALUES
('08b590219743a868130d0dc4df1f92146d0858ce', '127.0.0.1', 1550909695, 0x5f5f63695f6c6173745f726567656e65726174657c693a313535303930393639353b),
('0cb2518d875b9e6203c53d2529310ceb4411e4ec', '127.0.0.1', 1549722870, 0x5f5f63695f6c6173745f726567656e65726174657c693a313534393731353733363b69645f73657373696f6e7c733a313a2238223b6e696d5f73657373696f6e7c733a393a22313535343130303235223b6e616d615f73657373696f6e7c733a363a2270756c756e67223b666f746f5f73657373696f6e7c4e3b68705f73657373696f6e7c733a333a22303030223b656d61696c5f73657373696f6e7c733a31363a2270756c756e6740676d61696c2e636f6d223b6c6576656c5f73657373696f6e7c733a353a2261646d696e223b696e736572745f6f6e5f73657373696f6e7c733a31393a22323031392d30322d30392032303a34333a3138223b6c6f676765645f696e7c623a313b),
('18aadec94d239971ee10355e70809db8ee7e13ee', '127.0.0.1', 1550325408, 0x5f5f63695f6c6173745f726567656e65726174657c693a313535303332353239323b69645f73657373696f6e7c733a313a2236223b6e696d5f73657373696f6e7c733a343a2231313131223b6e616d615f73657373696f6e7c733a353a2261646d696e223b666f746f5f73657373696f6e7c733a31383a224368727973616e7468656d756d342e6a7067223b68705f73657373696f6e7c733a343a2231313233223b656d61696c5f73657373696f6e7c733a31353a2261646d696e40676d61696c2e636f6d223b6c6576656c5f73657373696f6e7c733a353a2261646d696e223b696e736572745f6f6e5f73657373696f6e7c733a31393a22323031392d30322d30382031393a31373a3236223b6c6f676765645f696e7c623a313b),
('2a01b0e2d13e16e9c56b1e907e218720dae0b611', '127.0.0.1', 1549724275, 0x5f5f63695f6c6173745f726567656e65726174657c693a313534393732333335313b),
('2fb12163803804bbe8ced9e374c0be8bd16438d3', '127.0.0.1', 1550315848, 0x5f5f63695f6c6173745f726567656e65726174657c693a313535303331353833383b69645f73657373696f6e7c733a313a2236223b6e696d5f73657373696f6e7c733a343a2231313131223b6e616d615f73657373696f6e7c733a353a2261646d696e223b666f746f5f73657373696f6e7c733a31383a224368727973616e7468656d756d342e6a7067223b68705f73657373696f6e7c733a343a2231313233223b656d61696c5f73657373696f6e7c733a31353a2261646d696e40676d61696c2e636f6d223b6c6576656c5f73657373696f6e7c733a353a2261646d696e223b696e736572745f6f6e5f73657373696f6e7c733a31393a22323031392d30322d30382031393a31373a3236223b6c6f676765645f696e7c623a313b),
('30be6787c673bcc7714613d293492a618a6e7d29', '127.0.0.1', 1551103016, 0x5f5f63695f6c6173745f726567656e65726174657c693a313535313130333031363b),
('3e28c861d31293640b19175dfbfe4d808ae8bcb8', '127.0.0.1', 1550309109, 0x5f5f63695f6c6173745f726567656e65726174657c693a313535303330393130393b69645f73657373696f6e7c733a313a2236223b6e696d5f73657373696f6e7c733a343a2231313131223b6e616d615f73657373696f6e7c733a353a2261646d696e223b666f746f5f73657373696f6e7c733a31383a224368727973616e7468656d756d342e6a7067223b68705f73657373696f6e7c733a343a2231313233223b656d61696c5f73657373696f6e7c733a31353a2261646d696e40676d61696c2e636f6d223b6c6576656c5f73657373696f6e7c733a353a2261646d696e223b696e736572745f6f6e5f73657373696f6e7c733a31393a22323031392d30322d30382031393a31373a3236223b6c6f676765645f696e7c623a313b),
('43uk3qlruvju3eu7dmjodl0d296bd9ug', '::1', 1549680071, 0x5f5f63695f6c6173745f726567656e65726174657c693a313534393637393831373b69645f73657373696f6e7c733a313a2236223b6e696d5f73657373696f6e7c733a343a2231313131223b6e616d615f73657373696f6e7c733a353a2261646d696e223b666f746f5f73657373696f6e7c733a31383a224368727973616e7468656d756d342e6a7067223b68705f73657373696f6e7c733a343a2231313233223b656d61696c5f73657373696f6e7c733a31353a2261646d696e40676d61696c2e636f6d223b6c6576656c5f73657373696f6e7c733a353a2261646d696e223b696e736572745f6f6e5f73657373696f6e7c733a31393a22323031392d30322d30382031393a31373a3236223b6c6f676765645f696e7c623a313b),
('48iprs9tl2vl0giafoagba5f8llch4gf', '::1', 1549639779, 0x5f5f63695f6c6173745f726567656e65726174657c693a313534393633353736353b69645f73657373696f6e7c733a313a2236223b6e696d5f73657373696f6e7c733a343a2231313131223b6e616d615f73657373696f6e7c733a353a2261646d696e223b666f746f5f73657373696f6e7c733a31383a224368727973616e7468656d756d342e6a7067223b68705f73657373696f6e7c733a343a2231313233223b656d61696c5f73657373696f6e7c733a31353a2261646d696e40676d61696c2e636f6d223b6c6576656c5f73657373696f6e7c733a353a2261646d696e223b696e736572745f6f6e5f73657373696f6e7c733a31393a22323031392d30322d30382031393a31373a3236223b6c6f676765645f696e7c623a313b),
('5rrld7k2hhosb6c4efkiqcb1hoo06lhl', '::1', 1550251489, 0x5f5f63695f6c6173745f726567656e65726174657c693a313535303235313438383b69645f73657373696f6e7c733a313a2236223b6e696d5f73657373696f6e7c733a343a2231313131223b6e616d615f73657373696f6e7c733a353a2261646d696e223b666f746f5f73657373696f6e7c733a31383a224368727973616e7468656d756d342e6a7067223b68705f73657373696f6e7c733a343a2231313233223b656d61696c5f73657373696f6e7c733a31353a2261646d696e40676d61696c2e636f6d223b6c6576656c5f73657373696f6e7c733a353a2261646d696e223b696e736572745f6f6e5f73657373696f6e7c733a31393a22323031392d30322d30382031393a31373a3236223b6c6f676765645f696e7c623a313b),
('60f724587bf4c17e8632d53c2da2181d45096533', '127.0.0.1', 1550910227, 0x5f5f63695f6c6173745f726567656e65726174657c693a313535303931303232373b),
('69f93e62f935d9578615b04d5b7c2cea86abff47', '127.0.0.1', 1550315838, 0x5f5f63695f6c6173745f726567656e65726174657c693a313535303331353833383b69645f73657373696f6e7c733a313a2236223b6e696d5f73657373696f6e7c733a343a2231313131223b6e616d615f73657373696f6e7c733a353a2261646d696e223b666f746f5f73657373696f6e7c733a31383a224368727973616e7468656d756d342e6a7067223b68705f73657373696f6e7c733a343a2231313233223b656d61696c5f73657373696f6e7c733a31353a2261646d696e40676d61696c2e636f6d223b6c6576656c5f73657373696f6e7c733a353a2261646d696e223b696e736572745f6f6e5f73657373696f6e7c733a31393a22323031392d30322d30382031393a31373a3236223b6c6f676765645f696e7c623a313b),
('7ghhha5557l6u49lk55nrdq9ucp9vnq7', '::1', 1549679673, 0x5f5f63695f6c6173745f726567656e65726174657c693a313534393637393637333b69645f73657373696f6e7c733a313a2236223b6e696d5f73657373696f6e7c733a343a2231313131223b6e616d615f73657373696f6e7c733a353a2261646d696e223b666f746f5f73657373696f6e7c733a31383a224368727973616e7468656d756d342e6a7067223b68705f73657373696f6e7c733a343a2231313233223b656d61696c5f73657373696f6e7c733a31353a2261646d696e40676d61696c2e636f6d223b6c6576656c5f73657373696f6e7c733a353a2261646d696e223b696e736572745f6f6e5f73657373696f6e7c733a31393a22323031392d30322d30382031393a31373a3236223b6c6f676765645f696e7c623a313b),
('82iil2fi9cf89nkq8tfirkgf4pg7ai40', '::1', 1550248611, 0x5f5f63695f6c6173745f726567656e65726174657c693a313535303234383631313b69645f73657373696f6e7c733a313a2236223b6e696d5f73657373696f6e7c733a343a2231313131223b6e616d615f73657373696f6e7c733a353a2261646d696e223b666f746f5f73657373696f6e7c733a31383a224368727973616e7468656d756d342e6a7067223b68705f73657373696f6e7c733a343a2231313233223b656d61696c5f73657373696f6e7c733a31353a2261646d696e40676d61696c2e636f6d223b6c6576656c5f73657373696f6e7c733a353a2261646d696e223b696e736572745f6f6e5f73657373696f6e7c733a31393a22323031392d30322d30382031393a31373a3236223b6c6f676765645f696e7c623a313b),
('84c7f5ad96234832dcd465c187ae26b428295e98', '127.0.0.1', 1549703702, 0x5f5f63695f6c6173745f726567656e65726174657c693a313534393730333730323b69645f73657373696f6e7c733a313a2236223b6e696d5f73657373696f6e7c733a343a2231313131223b6e616d615f73657373696f6e7c733a353a2261646d696e223b666f746f5f73657373696f6e7c733a31383a224368727973616e7468656d756d342e6a7067223b68705f73657373696f6e7c733a343a2231313233223b656d61696c5f73657373696f6e7c733a31353a2261646d696e40676d61696c2e636f6d223b6c6576656c5f73657373696f6e7c733a353a2261646d696e223b696e736572745f6f6e5f73657373696f6e7c733a31393a22323031392d30322d30382031393a31373a3236223b6c6f676765645f696e7c623a313b),
('85bbb76b6bd946df1fdfd659c595a2669963ac88', '127.0.0.1', 1551103904, 0x5f5f63695f6c6173745f726567656e65726174657c693a313535313130333930343b69645f73657373696f6e7c733a313a2238223b6e696d5f73657373696f6e7c733a333a22313233223b6e616d615f73657373696f6e7c733a343a2262617975223b666f746f5f73657373696f6e7c4e3b68705f73657373696f6e7c733a31323a22303831323232333333343434223b656d61696c5f73657373696f6e7c733a31333a2262617975406d61696c2e636f6d223b6c6f6b6173695f706572736f6e616c7c4e3b6c6576656c5f73657373696f6e7c733a373a2270656e6a75616c223b696e736572745f6f6e5f73657373696f6e7c733a31393a22323031392d30322d32332031363a34313a3530223b6c6f676765645f696e7c623a313b6572726f727c733a33303a226f746f726974617320616e64612062656c756d20646976616c6964617369223b5f5f63695f766172737c613a313a7b733a353a226572726f72223b733a333a226f6c64223b7d),
('8ceefeac38273a5db50bad14ba1c7c707b1bc165', '127.0.0.1', 1549774626, 0x5f5f63695f6c6173745f726567656e65726174657c693a313534393736383939333b69645f73657373696f6e7c733a313a2236223b6e696d5f73657373696f6e7c733a343a2231313131223b6e616d615f73657373696f6e7c733a353a2261646d696e223b666f746f5f73657373696f6e7c733a31383a224368727973616e7468656d756d342e6a7067223b68705f73657373696f6e7c733a343a2231313233223b656d61696c5f73657373696f6e7c733a31353a2261646d696e40676d61696c2e636f6d223b6c6576656c5f73657373696f6e7c733a353a2261646d696e223b696e736572745f6f6e5f73657373696f6e7c733a31393a22323031392d30322d30382031393a31373a3236223b6c6f676765645f696e7c623a313b),
('8e4vbbdafpuv75menkeo9jbtujnsfckj', '::1', 1550252185, 0x5f5f63695f6c6173745f726567656e65726174657c693a313535303235323138353b69645f73657373696f6e7c733a313a2236223b6e696d5f73657373696f6e7c733a343a2231313131223b6e616d615f73657373696f6e7c733a353a2261646d696e223b666f746f5f73657373696f6e7c733a31383a224368727973616e7468656d756d342e6a7067223b68705f73657373696f6e7c733a343a2231313233223b656d61696c5f73657373696f6e7c733a31353a2261646d696e40676d61696c2e636f6d223b6c6576656c5f73657373696f6e7c733a353a2261646d696e223b696e736572745f6f6e5f73657373696f6e7c733a31393a22323031392d30322d30382031393a31373a3236223b6c6f676765645f696e7c623a313b),
('9110dd222f619c8402e9622ef4729da6db52212c', '127.0.0.1', 1549703057, 0x5f5f63695f6c6173745f726567656e65726174657c693a313534393730333035373b69645f73657373696f6e7c733a313a2236223b6e696d5f73657373696f6e7c733a343a2231313131223b6e616d615f73657373696f6e7c733a353a2261646d696e223b666f746f5f73657373696f6e7c733a31383a224368727973616e7468656d756d342e6a7067223b68705f73657373696f6e7c733a343a2231313233223b656d61696c5f73657373696f6e7c733a31353a2261646d696e40676d61696c2e636f6d223b6c6576656c5f73657373696f6e7c733a353a2261646d696e223b696e736572745f6f6e5f73657373696f6e7c733a31393a22323031392d30322d30382031393a31373a3236223b6c6f676765645f696e7c623a313b),
('9412843145e0bbf6701548d91242cb885e011093', '127.0.0.1', 1551103551, 0x5f5f63695f6c6173745f726567656e65726174657c693a313535313130333535313b69645f73657373696f6e7c733a313a2238223b6e696d5f73657373696f6e7c733a333a22313233223b6e616d615f73657373696f6e7c733a343a2262617975223b666f746f5f73657373696f6e7c4e3b68705f73657373696f6e7c733a31323a22303831323232333333343434223b656d61696c5f73657373696f6e7c733a31333a2262617975406d61696c2e636f6d223b6c6f6b6173695f706572736f6e616c7c4e3b6c6576656c5f73657373696f6e7c733a373a2270656e6a75616c223b696e736572745f6f6e5f73657373696f6e7c733a31393a22323031392d30322d32332031363a34313a3530223b6c6f676765645f696e7c623a313b6572726f727c733a33303a226f746f726974617320616e64612062656c756d20646976616c6964617369223b5f5f63695f766172737c613a313a7b733a353a226572726f72223b733a333a226e6577223b7d),
('969b38df7159bf22290d2916efa3eb3a8f22e805', '127.0.0.1', 1550914910, 0x5f5f63695f6c6173745f726567656e65726174657c693a313535303931343931303b69645f73657373696f6e7c733a313a2234223b6e696d5f73657373696f6e7c733a343a2231313131223b6e616d615f73657373696f6e7c733a343a22636f6261223b666f746f5f73657373696f6e7c733a31303a224465736572742e6a7067223b68705f73657373696f6e7c733a343a2232323232223b656d61696c5f73657373696f6e7c733a31333a22636f6261406d61696c2e636f6d223b6c6576656c5f73657373696f6e7c733a353a2261646d696e223b696e736572745f6f6e5f73657373696f6e7c733a31393a22323031392d30322d30372031353a33303a3235223b6c6f676765645f696e7c623a313b),
('9873f462eec2e8b87435bab4a65e3624cfebbb7b', '127.0.0.1', 1549709059, 0x5f5f63695f6c6173745f726567656e65726174657c693a313534393730333730323b69645f73657373696f6e7c733a313a2236223b6e696d5f73657373696f6e7c733a343a2231313131223b6e616d615f73657373696f6e7c733a353a2261646d696e223b666f746f5f73657373696f6e7c733a31383a224368727973616e7468656d756d342e6a7067223b68705f73657373696f6e7c733a343a2231313233223b656d61696c5f73657373696f6e7c733a31353a2261646d696e40676d61696c2e636f6d223b6c6576656c5f73657373696f6e7c733a353a2261646d696e223b696e736572745f6f6e5f73657373696f6e7c733a31393a22323031392d30322d30382031393a31373a3236223b6c6f676765645f696e7c623a313b),
('9e64591d600273d67a694569fd0fb9dd3a2742d9', '127.0.0.1', 1550325292, 0x5f5f63695f6c6173745f726567656e65726174657c693a313535303332353239323b69645f73657373696f6e7c733a313a2236223b6e696d5f73657373696f6e7c733a343a2231313131223b6e616d615f73657373696f6e7c733a353a2261646d696e223b666f746f5f73657373696f6e7c733a31383a224368727973616e7468656d756d342e6a7067223b68705f73657373696f6e7c733a343a2231313233223b656d61696c5f73657373696f6e7c733a31353a2261646d696e40676d61696c2e636f6d223b6c6576656c5f73657373696f6e7c733a353a2261646d696e223b696e736572745f6f6e5f73657373696f6e7c733a31393a22323031392d30322d30382031393a31373a3236223b6c6f676765645f696e7c623a313b),
('a21842abaeedfdb5e1bb14f2d29cb4b500e14e16', '127.0.0.1', 1549782776, 0x5f5f63695f6c6173745f726567656e65726174657c693a313534393738323734373b),
('a4b98dd29b3f3a74b2c2809f4531b6a7906c233a', '127.0.0.1', 1549805089, 0x5f5f63695f6c6173745f726567656e65726174657c693a313534393739393234393b69645f73657373696f6e7c733a313a2236223b6e696d5f73657373696f6e7c733a343a2231313131223b6e616d615f73657373696f6e7c733a353a2261646d696e223b666f746f5f73657373696f6e7c733a31383a224368727973616e7468656d756d342e6a7067223b68705f73657373696f6e7c733a343a2231313233223b656d61696c5f73657373696f6e7c733a31353a2261646d696e40676d61696c2e636f6d223b6c6576656c5f73657373696f6e7c733a353a2261646d696e223b696e736572745f6f6e5f73657373696f6e7c733a31393a22323031392d30322d30382031393a31373a3236223b6c6f676765645f696e7c623a313b),
('b395b3a4ddbf9b554a3b8ce79f0a27047f8a7610', '127.0.0.1', 1549721727, 0x5f5f63695f6c6173745f726567656e65726174657c693a313534393732313732373b),
('c9cc36e180a8b47c53d1b1254cb1612fe8b8ad88', '127.0.0.1', 1550915343, 0x5f5f63695f6c6173745f726567656e65726174657c693a313535303931353334333b),
('crjo19n6lhfhrstn7qsh8r67ig9ifd6f', '::1', 1550249881, 0x5f5f63695f6c6173745f726567656e65726174657c693a313535303234393838313b69645f73657373696f6e7c733a313a2236223b6e696d5f73657373696f6e7c733a343a2231313131223b6e616d615f73657373696f6e7c733a353a2261646d696e223b666f746f5f73657373696f6e7c733a31383a224368727973616e7468656d756d342e6a7067223b68705f73657373696f6e7c733a343a2231313233223b656d61696c5f73657373696f6e7c733a31353a2261646d696e40676d61696c2e636f6d223b6c6576656c5f73657373696f6e7c733a353a2261646d696e223b696e736572745f6f6e5f73657373696f6e7c733a31393a22323031392d30322d30382031393a31373a3236223b6c6f676765645f696e7c623a313b),
('d24214b3d9d450299951ce481ba40ba5794b2e82', '127.0.0.1', 1551103911, 0x5f5f63695f6c6173745f726567656e65726174657c693a313535313130333930343b69645f73657373696f6e7c733a313a2238223b6e696d5f73657373696f6e7c733a333a22313233223b6e616d615f73657373696f6e7c733a343a2262617975223b666f746f5f73657373696f6e7c4e3b68705f73657373696f6e7c733a31323a22303831323232333333343434223b656d61696c5f73657373696f6e7c733a31333a2262617975406d61696c2e636f6d223b6c6f6b6173695f706572736f6e616c7c4e3b6c6576656c5f73657373696f6e7c733a373a2270656e6a75616c223b696e736572745f6f6e5f73657373696f6e7c733a31393a22323031392d30322d32332031363a34313a3530223b6c6f676765645f696e7c623a313b),
('d726d0bc42aa23682640d5dccdaf77a733966151', '127.0.0.1', 1550308787, 0x5f5f63695f6c6173745f726567656e65726174657c693a313535303330383738373b69645f73657373696f6e7c733a313a2236223b6e696d5f73657373696f6e7c733a343a2231313131223b6e616d615f73657373696f6e7c733a353a2261646d696e223b666f746f5f73657373696f6e7c733a31383a224368727973616e7468656d756d342e6a7067223b68705f73657373696f6e7c733a343a2231313233223b656d61696c5f73657373696f6e7c733a31353a2261646d696e40676d61696c2e636f6d223b6c6576656c5f73657373696f6e7c733a353a2261646d696e223b696e736572745f6f6e5f73657373696f6e7c733a31393a22323031392d30322d30382031393a31373a3236223b6c6f676765645f696e7c623a313b),
('df05328e56497072436381e0e0c3f83ab209727e', '127.0.0.1', 1550910810, 0x5f5f63695f6c6173745f726567656e65726174657c693a313535303931303831303b69645f73657373696f6e7c733a313a2234223b6e696d5f73657373696f6e7c733a343a2231313131223b6e616d615f73657373696f6e7c733a343a22636f6261223b666f746f5f73657373696f6e7c733a31303a224465736572742e6a7067223b68705f73657373696f6e7c733a343a2232323232223b656d61696c5f73657373696f6e7c733a31333a22636f6261406d61696c2e636f6d223b6c6576656c5f73657373696f6e7c733a353a2261646d696e223b696e736572745f6f6e5f73657373696f6e7c733a31393a22323031392d30322d30372031353a33303a3235223b6c6f676765645f696e7c623a313b),
('e019f2618f25d40673b47238003c79499a81f8a9', '127.0.0.1', 1550315477, 0x5f5f63695f6c6173745f726567656e65726174657c693a313535303331353437373b69645f73657373696f6e7c733a313a2236223b6e696d5f73657373696f6e7c733a343a2231313131223b6e616d615f73657373696f6e7c733a353a2261646d696e223b666f746f5f73657373696f6e7c733a31383a224368727973616e7468656d756d342e6a7067223b68705f73657373696f6e7c733a343a2231313233223b656d61696c5f73657373696f6e7c733a31353a2261646d696e40676d61696c2e636f6d223b6c6576656c5f73657373696f6e7c733a353a2261646d696e223b696e736572745f6f6e5f73657373696f6e7c733a31393a22323031392d30322d30382031393a31373a3236223b6c6f676765645f696e7c623a313b),
('e4eltjlenhme7vbp7rr77s86e8bg4reo', '::1', 1549677391, 0x5f5f63695f6c6173745f726567656e65726174657c693a313534393637373339313b69645f73657373696f6e7c733a313a2236223b6e696d5f73657373696f6e7c733a343a2231313131223b6e616d615f73657373696f6e7c733a353a2261646d696e223b666f746f5f73657373696f6e7c733a31383a224368727973616e7468656d756d342e6a7067223b68705f73657373696f6e7c733a343a2231313233223b656d61696c5f73657373696f6e7c733a31353a2261646d696e40676d61696c2e636f6d223b6c6576656c5f73657373696f6e7c733a353a2261646d696e223b696e736572745f6f6e5f73657373696f6e7c733a31393a22323031392d30322d30382031393a31373a3236223b6c6f676765645f696e7c623a313b),
('e6lhch4aq822qbcrumto1fjsu9i4kt9p', '::1', 1550250581, 0x5f5f63695f6c6173745f726567656e65726174657c693a313535303235303538313b69645f73657373696f6e7c733a313a2236223b6e696d5f73657373696f6e7c733a343a2231313131223b6e616d615f73657373696f6e7c733a353a2261646d696e223b666f746f5f73657373696f6e7c733a31383a224368727973616e7468656d756d342e6a7067223b68705f73657373696f6e7c733a343a2231313233223b656d61696c5f73657373696f6e7c733a31353a2261646d696e40676d61696c2e636f6d223b6c6576656c5f73657373696f6e7c733a353a2261646d696e223b696e736572745f6f6e5f73657373696f6e7c733a31393a22323031392d30322d30382031393a31373a3236223b6c6f676765645f696e7c623a313b),
('e8gs72af4hc5u4snfn1jcdmnm7ud74rh', '::1', 1550251820, 0x5f5f63695f6c6173745f726567656e65726174657c693a313535303235313832303b69645f73657373696f6e7c733a313a2236223b6e696d5f73657373696f6e7c733a343a2231313131223b6e616d615f73657373696f6e7c733a353a2261646d696e223b666f746f5f73657373696f6e7c733a31383a224368727973616e7468656d756d342e6a7067223b68705f73657373696f6e7c733a343a2231313233223b656d61696c5f73657373696f6e7c733a31353a2261646d696e40676d61696c2e636f6d223b6c6576656c5f73657373696f6e7c733a353a2261646d696e223b696e736572745f6f6e5f73657373696f6e7c733a31393a22323031392d30322d30382031393a31373a3236223b6c6f676765645f696e7c623a313b),
('f035816c7ad8f152914c3a7b0d0f5218e2b5af0a', '127.0.0.1', 1549702735, 0x5f5f63695f6c6173745f726567656e65726174657c693a313534393730323733353b69645f73657373696f6e7c733a313a2236223b6e696d5f73657373696f6e7c733a343a2231313131223b6e616d615f73657373696f6e7c733a353a2261646d696e223b666f746f5f73657373696f6e7c733a31383a224368727973616e7468656d756d342e6a7067223b68705f73657373696f6e7c733a343a2231313233223b656d61696c5f73657373696f6e7c733a31353a2261646d696e40676d61696c2e636f6d223b6c6576656c5f73657373696f6e7c733a353a2261646d696e223b696e736572745f6f6e5f73657373696f6e7c733a31393a22323031392d30322d30382031393a31373a3236223b6c6f676765645f696e7c623a313b),
('f0493dd8f21848419759a8a4bffe495cb9017730', '127.0.0.1', 1550915381, 0x5f5f63695f6c6173745f726567656e65726174657c693a313535303931353334333b),
('g3s2pb3kc19io6teo56qkr5i3r8hl07n', '::1', 1550252204, 0x5f5f63695f6c6173745f726567656e65726174657c693a313535303235323138353b69645f73657373696f6e7c733a313a2236223b6e696d5f73657373696f6e7c733a343a2231313131223b6e616d615f73657373696f6e7c733a353a2261646d696e223b666f746f5f73657373696f6e7c733a31383a224368727973616e7468656d756d342e6a7067223b68705f73657373696f6e7c733a343a2231313233223b656d61696c5f73657373696f6e7c733a31353a2261646d696e40676d61696c2e636f6d223b6c6576656c5f73657373696f6e7c733a353a2261646d696e223b696e736572745f6f6e5f73657373696f6e7c733a31393a22323031392d30322d30382031393a31373a3236223b6c6f676765645f696e7c623a313b),
('hblaeb4dm0hptnc3bj26pk20q4ut25ip', '::1', 1549635420, 0x5f5f63695f6c6173745f726567656e65726174657c693a313534393633353432303b),
('maon39sbam6m3sst7g164h9clkng5lji', '::1', 1550248284, 0x5f5f63695f6c6173745f726567656e65726174657c693a313535303234383238343b),
('s9fgh1b89r8co00gkq0ltn6t7vibigmt', '::1', 1549632265, 0x5f5f63695f6c6173745f726567656e65726174657c693a313534393633303138333b69645f73657373696f6e7c733a313a2236223b6e696d5f73657373696f6e7c733a343a2231313131223b6e616d615f73657373696f6e7c733a353a2261646d696e223b666f746f5f73657373696f6e7c4e3b68705f73657373696f6e7c733a343a2231313233223b656d61696c5f73657373696f6e7c733a31353a2261646d696e40676d61696c2e636f6d223b6c6576656c5f73657373696f6e7c733a353a2261646d696e223b696e736572745f6f6e5f73657373696f6e7c733a31393a22323031392d30322d30382031393a31373a3236223b6c6f676765645f696e7c623a313b),
('to9qng27dtq31q3cft5gpq9i1emdhnpd', '::1', 1550251029, 0x5f5f63695f6c6173745f726567656e65726174657c693a313535303235313032393b69645f73657373696f6e7c733a313a2236223b6e696d5f73657373696f6e7c733a343a2231313131223b6e616d615f73657373696f6e7c733a353a2261646d696e223b666f746f5f73657373696f6e7c733a31383a224368727973616e7468656d756d342e6a7067223b68705f73657373696f6e7c733a343a2231313233223b656d61696c5f73657373696f6e7c733a31353a2261646d696e40676d61696c2e636f6d223b6c6576656c5f73657373696f6e7c733a353a2261646d696e223b696e736572745f6f6e5f73657373696f6e7c733a31393a22323031392d30322d30382031393a31373a3236223b6c6f676765645f696e7c623a313b),
('tvuibgr3ff9f26rtc8955204c21i0fp0', '::1', 1549679359, 0x5f5f63695f6c6173745f726567656e65726174657c693a313534393637393335393b69645f73657373696f6e7c733a313a2236223b6e696d5f73657373696f6e7c733a343a2231313131223b6e616d615f73657373696f6e7c733a353a2261646d696e223b666f746f5f73657373696f6e7c733a31383a224368727973616e7468656d756d342e6a7067223b68705f73657373696f6e7c733a343a2231313233223b656d61696c5f73657373696f6e7c733a31353a2261646d696e40676d61696c2e636f6d223b6c6576656c5f73657373696f6e7c733a353a2261646d696e223b696e736572745f6f6e5f73657373696f6e7c733a31393a22323031392d30322d30382031393a31373a3236223b6c6f676765645f696e7c623a313b),
('u4l5glc5ha7pch0akrl6lkorar80r1jf', '::1', 1549678489, 0x5f5f63695f6c6173745f726567656e65726174657c693a313534393637383438393b69645f73657373696f6e7c733a313a2236223b6e696d5f73657373696f6e7c733a343a2231313131223b6e616d615f73657373696f6e7c733a353a2261646d696e223b666f746f5f73657373696f6e7c733a31383a224368727973616e7468656d756d342e6a7067223b68705f73657373696f6e7c733a343a2231313233223b656d61696c5f73657373696f6e7c733a31353a2261646d696e40676d61696c2e636f6d223b6c6576656c5f73657373696f6e7c733a353a2261646d696e223b696e736572745f6f6e5f73657373696f6e7c733a31393a22323031392d30322d30382031393a31373a3236223b6c6f676765645f696e7c623a313b),
('eibptvm2hmt6m0prka8qiunq4ovpf71h', '::1', 1551320530, 0x5f5f63695f6c6173745f726567656e65726174657c693a313535313332303533303b),
('eftcbktlmtqs5n84elhbejct6j15ddae', '::1', 1551320530, 0x5f5f63695f6c6173745f726567656e65726174657c693a313535313332303533303b69645f73657373696f6e7c733a313a2238223b6e616d615f73657373696f6e7c733a343a2262617975223b666f746f5f73657373696f6e7c4e3b68705f73657373696f6e7c733a31323a22303831323232333333343434223b656d61696c5f73657373696f6e7c733a31333a2262617975406d61696c2e636f6d223b6c6f6b6173695f706572736f6e616c7c4e3b6c6576656c5f73657373696f6e7c733a373a2270656e6a75616c223b696e736572745f6f6e5f73657373696f6e7c733a31393a22323031392d30322d32332031363a34313a3530223b6c6f676765645f696e7c623a313b),
('ahkapt1mc96sirk237ig3cl09f424dii', '::1', 1551329644, 0x5f5f63695f6c6173745f726567656e65726174657c693a313535313332393634343b69645f73657373696f6e7c733a313a2238223b6e616d615f73657373696f6e7c733a343a2262617975223b666f746f5f73657373696f6e7c4e3b68705f73657373696f6e7c733a31323a22303831323232333333343434223b656d61696c5f73657373696f6e7c733a31333a2262617975406d61696c2e636f6d223b6c6f6b6173695f706572736f6e616c7c4e3b6c6576656c5f73657373696f6e7c733a373a2270656e6a75616c223b696e736572745f6f6e5f73657373696f6e7c733a31393a22323031392d30322d32332031363a34313a3530223b6c6f676765645f696e7c623a313b),
('c5cug1f57jvk622vn65lqbre87ie0k8b', '::1', 1551330589, 0x5f5f63695f6c6173745f726567656e65726174657c693a313535313333303538393b69645f73657373696f6e7c733a313a2238223b6e616d615f73657373696f6e7c733a343a2262617975223b666f746f5f73657373696f6e7c4e3b68705f73657373696f6e7c733a31323a22303831323232333333343434223b656d61696c5f73657373696f6e7c733a31333a2262617975406d61696c2e636f6d223b6c6f6b6173695f706572736f6e616c7c4e3b6c6576656c5f73657373696f6e7c733a373a2270656e6a75616c223b696e736572745f6f6e5f73657373696f6e7c733a31393a22323031392d30322d32332031363a34313a3530223b6c6f676765645f696e7c623a313b),
('1s0u2054tnolqbso2htv04cre5u5dq1b', '::1', 1551330891, 0x5f5f63695f6c6173745f726567656e65726174657c693a313535313333303839313b69645f73657373696f6e7c733a313a2238223b6e616d615f73657373696f6e7c733a343a2262617975223b666f746f5f73657373696f6e7c4e3b68705f73657373696f6e7c733a31323a22303831323232333333343434223b656d61696c5f73657373696f6e7c733a31333a2262617975406d61696c2e636f6d223b6c6f6b6173695f706572736f6e616c7c4e3b6c6576656c5f73657373696f6e7c733a373a2270656e6a75616c223b696e736572745f6f6e5f73657373696f6e7c733a31393a22323031392d30322d32332031363a34313a3530223b6c6f676765645f696e7c623a313b),
('430naltg3rg5eccgqbjh7jol02me6s68', '::1', 1551331616, 0x5f5f63695f6c6173745f726567656e65726174657c693a313535313333313631363b69645f73657373696f6e7c733a313a2238223b6e616d615f73657373696f6e7c733a343a2262617975223b666f746f5f73657373696f6e7c4e3b68705f73657373696f6e7c733a31323a22303831323232333333343434223b656d61696c5f73657373696f6e7c733a31333a2262617975406d61696c2e636f6d223b6c6f6b6173695f706572736f6e616c7c4e3b6c6576656c5f73657373696f6e7c733a373a2270656e6a75616c223b696e736572745f6f6e5f73657373696f6e7c733a31393a22323031392d30322d32332031363a34313a3530223b6c6f676765645f696e7c623a313b),
('974jtu2ldfvldbm707e20uk170tv90i1', '::1', 1551331684, 0x5f5f63695f6c6173745f726567656e65726174657c693a313535313333313637363b69645f73657373696f6e7c733a313a2238223b6e616d615f73657373696f6e7c733a343a2262617975223b666f746f5f73657373696f6e7c4e3b68705f73657373696f6e7c733a31323a22303831323232333333343434223b656d61696c5f73657373696f6e7c733a31333a2262617975406d61696c2e636f6d223b6c6f6b6173695f706572736f6e616c7c4e3b6c6576656c5f73657373696f6e7c733a373a2270656e6a75616c223b696e736572745f6f6e5f73657373696f6e7c733a31393a22323031392d30322d32332031363a34313a3530223b6c6f676765645f696e7c623a313b),
('1agq18ut7p13de03f7mhekomko1mrp0o', '::1', 1551346398, 0x5f5f63695f6c6173745f726567656e65726174657c693a313535313334363339383b69645f73657373696f6e7c733a313a2238223b6e616d615f73657373696f6e7c733a343a2262617975223b666f746f5f73657373696f6e7c4e3b68705f73657373696f6e7c733a31323a22303831323232333333343434223b656d61696c5f73657373696f6e7c733a31333a2262617975406d61696c2e636f6d223b6c6f6b6173695f706572736f6e616c7c4e3b6c6576656c5f73657373696f6e7c733a373a2270656e6a75616c223b696e736572745f6f6e5f73657373696f6e7c733a31393a22323031392d30322d32332031363a34313a3530223b6c6f676765645f696e7c623a313b),
('dijaqdiqm898es0sktnsdqdn5nolma3j', '::1', 1551346712, 0x5f5f63695f6c6173745f726567656e65726174657c693a313535313334363731323b69645f73657373696f6e7c733a313a2238223b6e616d615f73657373696f6e7c733a343a2262617975223b666f746f5f73657373696f6e7c4e3b68705f73657373696f6e7c733a31323a22303831323232333333343434223b656d61696c5f73657373696f6e7c733a31333a2262617975406d61696c2e636f6d223b6c6f6b6173695f706572736f6e616c7c4e3b6c6576656c5f73657373696f6e7c733a373a2270656e6a75616c223b696e736572745f6f6e5f73657373696f6e7c733a31393a22323031392d30322d32332031363a34313a3530223b6c6f676765645f696e7c623a313b),
('lejjjkh26569p4ltffakpqa0cjbq9mcq', '::1', 1551346836, 0x5f5f63695f6c6173745f726567656e65726174657c693a313535313334363733313b),
('mf6c1hgmb69j0iaqrla98b4u8ocvc6n4', '::1', 1551454071, 0x5f5f63695f6c6173745f726567656e65726174657c693a313535313435343037313b),
('j3dj5unegmkllc9rg1kt6p902sesrsnl', '::1', 1551454417, 0x5f5f63695f6c6173745f726567656e65726174657c693a313535313435343431373b69645f73657373696f6e7c733a313a2238223b6e616d615f73657373696f6e7c733a343a2262617975223b666f746f5f73657373696f6e7c4e3b68705f73657373696f6e7c733a31323a22303831323232333333343434223b656d61696c5f73657373696f6e7c733a31333a2262617975406d61696c2e636f6d223b6c6f6b6173695f706572736f6e616c7c4e3b6c6576656c5f73657373696f6e7c733a373a2270656e6a75616c223b696e736572745f6f6e5f73657373696f6e7c733a31393a22323031392d30322d32332031363a34313a3530223b6c6f676765645f696e7c623a313b),
('i8t5fspfk109kiepbuh3cvhvnmqg122j', '::1', 1551454838, 0x5f5f63695f6c6173745f726567656e65726174657c693a313535313435343833383b69645f73657373696f6e7c733a313a2238223b6e616d615f73657373696f6e7c733a343a2262617975223b666f746f5f73657373696f6e7c4e3b68705f73657373696f6e7c733a31323a22303831323232333333343434223b656d61696c5f73657373696f6e7c733a31333a2262617975406d61696c2e636f6d223b6c6f6b6173695f706572736f6e616c7c4e3b6c6576656c5f73657373696f6e7c733a373a2270656e6a75616c223b696e736572745f6f6e5f73657373696f6e7c733a31393a22323031392d30322d32332031363a34313a3530223b6c6f676765645f696e7c623a313b),
('p05fgvlmp06lh6cntbse26mdbqmtjhhs', '::1', 1551458187, 0x5f5f63695f6c6173745f726567656e65726174657c693a313535313435383138373b),
('smob7iculu9mtasuf26dvshvs9qp36r9', '::1', 1551458624, 0x5f5f63695f6c6173745f726567656e65726174657c693a313535313435383632343b),
('5qtqe14qn9nfu0a6o5plad0vuri1kaft', '::1', 1551458940, 0x5f5f63695f6c6173745f726567656e65726174657c693a313535313435383934303b),
('8gloi6sdrlhefq3rdadnmd09rurrogku', '::1', 1551459260, 0x5f5f63695f6c6173745f726567656e65726174657c693a313535313435393236303b),
('hqq122hp1uemr6abjgo7vfa72t1brsrt', '::1', 1551459586, 0x5f5f63695f6c6173745f726567656e65726174657c693a313535313435393538363b),
('oshoh7k76lkq4291aok15ranjst8fmur', '::1', 1551459971, 0x5f5f63695f6c6173745f726567656e65726174657c693a313535313435393937313b),
('u11sph5u5bdcahmb3n3l15j1pvmth3f4', '::1', 1551462146, 0x5f5f63695f6c6173745f726567656e65726174657c693a313535313436323134363b),
('4itivfisgvcpnlc49bapn9mkola6m50f', '::1', 1551462383, 0x5f5f63695f6c6173745f726567656e65726174657c693a313535313436323134363b),
('ci718jpji2frvtdrbs1idkl4q7rqal8k', '::1', 1551495352, 0x5f5f63695f6c6173745f726567656e65726174657c693a313535313439353335323b),
('9ej35oh6hsm9kk0enfm1qj5dtg65t5qi', '::1', 1551495352, 0x5f5f63695f6c6173745f726567656e65726174657c693a313535313439353335323b),
('53gls4v46r92sj3a3tuv52vh2g46cij1', '::1', 1551806703, 0x5f5f63695f6c6173745f726567656e65726174657c693a313535313830363730333b),
('hu9a8v3mqja9uesbov4bgemfuf3ingh2', '::1', 1551807203, 0x5f5f63695f6c6173745f726567656e65726174657c693a313535313830373230333b),
('famio9g3mmt95i018hr33hvtk751jo01', '::1', 1551807526, 0x5f5f63695f6c6173745f726567656e65726174657c693a313535313830373532363b),
('qp7pd8tch9cntkmp96ajqqcl41j8l87p', '::1', 1551810679, 0x5f5f63695f6c6173745f726567656e65726174657c693a313535313831303637393b),
('jdcrhijudm1jthm2pk3trk3ltknu7ghb', '::1', 1551811027, 0x5f5f63695f6c6173745f726567656e65726174657c693a313535313831313032373b),
('1e26lgdfkl5sppqildhgp7c7mvsjsr8d', '::1', 1551811380, 0x5f5f63695f6c6173745f726567656e65726174657c693a313535313831313338303b),
('ad5qulp42o7cp0d5okv5og04p48o44jr', '::1', 1551812228, 0x5f5f63695f6c6173745f726567656e65726174657c693a313535313831323232383b69645f73657373696f6e7c733a313a2230223b6e616d615f73657373696f6e7c733a31353a22456e64726120536574696177616e20223b666f746f5f73657373696f6e7c733a31343a2248796472616e676561732e6a7067223b68705f73657373696f6e7c733a31323a22313131323232333333343434223b656d61696c5f73657373696f6e7c733a31343a22656e647261406d61696c2e636f6d223b6c6f6b6173695f706572736f6e616c7c4e3b6c6576656c5f73657373696f6e7c733a373a2270656e6a75616c223b696e736572745f6f6e5f73657373696f6e7c733a31393a22323031392d30332d30362030303a34333a3330223b6c6f676765645f696e7c623a313b),
('9qfl1j0odf9i7u7np5ig6j9n8ts9c141', '::1', 1551812752, 0x5f5f63695f6c6173745f726567656e65726174657c693a313535313831323735323b),
('ctseifnear3kfcfbi0ot8kjhiue1ik29', '::1', 1551812991, 0x5f5f63695f6c6173745f726567656e65726174657c693a313535313831323735323b69645f73657373696f6e7c733a313a2235223b6e616d615f73657373696f6e7c733a31353a22456e64726120536574696177616e20223b666f746f5f73657373696f6e7c733a31323a2261766174617235312e706e67223b68705f73657373696f6e7c733a31323a22313131323232333333343434223b656d61696c5f73657373696f6e7c733a31343a22656e647261406d61696c2e636f6d223b6c6f6b6173695f706572736f6e616c7c4e3b6c6576656c5f73657373696f6e7c733a373a2270656e6a75616c223b696e736572745f6f6e5f73657373696f6e7c733a31393a22323031392d30332d30362030323a30393a3431223b6c6f676765645f696e7c623a313b),
('j31lvjacma04i5cc7rocho8oujf553q3', '::1', 1551851141, 0x5f5f63695f6c6173745f726567656e65726174657c693a313535313835313134313b),
('q8a8h2vi8pfbd4pd14783e35u18mgh61', '::1', 1551882192, 0x5f5f63695f6c6173745f726567656e65726174657c693a313535313838323139323b),
('ep85cj86pm9pvm4erkmdtjcojki2cnhj', '::1', 1551886359, 0x5f5f63695f6c6173745f726567656e65726174657c693a313535313838363335393b69645f73657373696f6e7c733a313a2235223b6e616d615f73657373696f6e7c733a31353a22456e64726120536574696177616e20223b666f746f5f73657373696f6e7c733a31323a2261766174617235312e706e67223b68705f73657373696f6e7c733a31323a22313131323232333333343434223b656d61696c5f73657373696f6e7c733a31343a22656e647261406d61696c2e636f6d223b6c6f6b6173695f706572736f6e616c7c4e3b6c6576656c5f73657373696f6e7c733a373a2270656e6a75616c223b696e736572745f6f6e5f73657373696f6e7c733a31393a22323031392d30332d30362030323a30393a3431223b6c6f676765645f696e7c623a313b),
('cmgbvfpmj1t1j27cfq4b4nmf762vo4ct', '::1', 1551891828, 0x5f5f63695f6c6173745f726567656e65726174657c693a313535313839313832383b69645f73657373696f6e7c733a313a2235223b6e616d615f73657373696f6e7c733a31353a22456e64726120536574696177616e20223b666f746f5f73657373696f6e7c733a31323a2261766174617235312e706e67223b68705f73657373696f6e7c733a31323a22313131323232333333343434223b656d61696c5f73657373696f6e7c733a31343a22656e647261406d61696c2e636f6d223b6c6f6b6173695f706572736f6e616c7c4e3b6c6576656c5f73657373696f6e7c733a373a2270656e6a75616c223b696e736572745f6f6e5f73657373696f6e7c733a31393a22323031392d30332d30362030323a30393a3431223b6c6f676765645f696e7c623a313b),
('tfp1ac24o0or2k8bshchnf5gse77vuas', '::1', 1551892157, 0x5f5f63695f6c6173745f726567656e65726174657c693a313535313839323135373b69645f73657373696f6e7c733a313a2235223b6e616d615f73657373696f6e7c733a31353a22456e64726120536574696177616e20223b666f746f5f73657373696f6e7c733a31323a2261766174617235312e706e67223b68705f73657373696f6e7c733a31323a22313131323232333333343434223b656d61696c5f73657373696f6e7c733a31343a22656e647261406d61696c2e636f6d223b6c6f6b6173695f706572736f6e616c7c4e3b6c6576656c5f73657373696f6e7c733a373a2270656e6a75616c223b696e736572745f6f6e5f73657373696f6e7c733a31393a22323031392d30332d30362030323a30393a3431223b6c6f676765645f696e7c623a313b),
('22dionf5qkleqmpm03qg602bkjl10uqh', '::1', 1551892644, 0x5f5f63695f6c6173745f726567656e65726174657c693a313535313839323634343b69645f73657373696f6e7c733a313a2235223b6e616d615f73657373696f6e7c733a31353a22456e64726120536574696177616e20223b666f746f5f73657373696f6e7c733a31323a2261766174617235312e706e67223b68705f73657373696f6e7c733a31323a22313131323232333333343434223b656d61696c5f73657373696f6e7c733a31343a22656e647261406d61696c2e636f6d223b6c6f6b6173695f706572736f6e616c7c4e3b6c6576656c5f73657373696f6e7c733a373a2270656e6a75616c223b696e736572745f6f6e5f73657373696f6e7c733a31393a22323031392d30332d30362030323a30393a3431223b6c6f676765645f696e7c623a313b),
('35ogn4qbvdvsp1kk96l7frgfbsqadjc7', '::1', 1551892980, 0x5f5f63695f6c6173745f726567656e65726174657c693a313535313839323938303b69645f73657373696f6e7c733a313a2235223b6e616d615f73657373696f6e7c733a31353a22456e64726120536574696177616e20223b666f746f5f73657373696f6e7c733a31323a2261766174617235312e706e67223b68705f73657373696f6e7c733a31323a22313131323232333333343434223b656d61696c5f73657373696f6e7c733a31343a22656e647261406d61696c2e636f6d223b6c6f6b6173695f706572736f6e616c7c4e3b6c6576656c5f73657373696f6e7c733a373a2270656e6a75616c223b696e736572745f6f6e5f73657373696f6e7c733a31393a22323031392d30332d30362030323a30393a3431223b6c6f676765645f696e7c623a313b),
('rc9gpualeebfnjdjptlqq42r0eaiua07', '::1', 1551893796, 0x5f5f63695f6c6173745f726567656e65726174657c693a313535313839333739363b69645f73657373696f6e7c733a313a2235223b6e616d615f73657373696f6e7c733a31353a22456e64726120536574696177616e20223b666f746f5f73657373696f6e7c733a31323a2261766174617235312e706e67223b68705f73657373696f6e7c733a31323a22313131323232333333343434223b656d61696c5f73657373696f6e7c733a31343a22656e647261406d61696c2e636f6d223b6c6f6b6173695f706572736f6e616c7c4e3b6c6576656c5f73657373696f6e7c733a373a2270656e6a75616c223b696e736572745f6f6e5f73657373696f6e7c733a31393a22323031392d30332d30362030323a30393a3431223b6c6f676765645f696e7c623a313b),
('ngk8ist8b3t5vvifjn9o646cqdltc12v', '::1', 1551894289, 0x5f5f63695f6c6173745f726567656e65726174657c693a313535313839343238393b69645f73657373696f6e7c733a313a2235223b6e616d615f73657373696f6e7c733a31353a22456e64726120536574696177616e20223b666f746f5f73657373696f6e7c733a31323a2261766174617235312e706e67223b68705f73657373696f6e7c733a31323a22313131323232333333343434223b656d61696c5f73657373696f6e7c733a31343a22656e647261406d61696c2e636f6d223b6c6f6b6173695f706572736f6e616c7c4e3b6c6576656c5f73657373696f6e7c733a373a2270656e6a75616c223b696e736572745f6f6e5f73657373696f6e7c733a31393a22323031392d30332d30362030323a30393a3431223b6c6f676765645f696e7c623a313b),
('9uadrmgp30mi9ii4elphc1jt6hh3jhvv', '::1', 1551895673, 0x5f5f63695f6c6173745f726567656e65726174657c693a313535313839353637333b69645f73657373696f6e7c733a313a2235223b6e616d615f73657373696f6e7c733a31353a22456e64726120536574696177616e20223b666f746f5f73657373696f6e7c733a31323a2261766174617235312e706e67223b68705f73657373696f6e7c733a31323a22313131323232333333343434223b656d61696c5f73657373696f6e7c733a31343a22656e647261406d61696c2e636f6d223b6c6f6b6173695f706572736f6e616c7c4e3b6c6576656c5f73657373696f6e7c733a373a2270656e6a75616c223b696e736572745f6f6e5f73657373696f6e7c733a31393a22323031392d30332d30362030323a30393a3431223b6c6f676765645f696e7c623a313b),
('elp6i2597mfl9f3j71gpttd3b7ftu4i5', '::1', 1551895997, 0x5f5f63695f6c6173745f726567656e65726174657c693a313535313839353939373b69645f73657373696f6e7c733a313a2235223b6e616d615f73657373696f6e7c733a31353a22456e64726120536574696177616e20223b666f746f5f73657373696f6e7c733a31323a2261766174617235312e706e67223b68705f73657373696f6e7c733a31323a22313131323232333333343434223b656d61696c5f73657373696f6e7c733a31343a22656e647261406d61696c2e636f6d223b6c6f6b6173695f706572736f6e616c7c4e3b6c6576656c5f73657373696f6e7c733a373a2270656e6a75616c223b696e736572745f6f6e5f73657373696f6e7c733a31393a22323031392d30332d30362030323a30393a3431223b6c6f676765645f696e7c623a313b),
('7cpe7gb5459jnr10g5t9ulkbsf34cjlq', '::1', 1551896128, 0x5f5f63695f6c6173745f726567656e65726174657c693a313535313839353939373b69645f73657373696f6e7c733a313a2235223b6e616d615f73657373696f6e7c733a31353a22456e64726120536574696177616e20223b666f746f5f73657373696f6e7c733a31323a2261766174617235312e706e67223b68705f73657373696f6e7c733a31323a22313131323232333333343434223b656d61696c5f73657373696f6e7c733a31343a22656e647261406d61696c2e636f6d223b6c6f6b6173695f706572736f6e616c7c4e3b6c6576656c5f73657373696f6e7c733a373a2270656e6a75616c223b696e736572745f6f6e5f73657373696f6e7c733a31393a22323031392d30332d30362030323a30393a3431223b6c6f676765645f696e7c623a313b),
('584g4ar6mbiufblrldaokqstssd9mcgm', '::1', 1551936649, 0x5f5f63695f6c6173745f726567656e65726174657c693a313535313933363337383b69645f73657373696f6e7c733a313a2235223b6e616d615f73657373696f6e7c733a31353a22456e64726120536574696177616e20223b666f746f5f73657373696f6e7c733a31323a2261766174617235312e706e67223b68705f73657373696f6e7c733a31323a22313131323232333333343434223b656d61696c5f73657373696f6e7c733a31343a22656e647261406d61696c2e636f6d223b6c6f6b6173695f706572736f6e616c7c4e3b6c6576656c5f73657373696f6e7c733a373a2270656e6a75616c223b696e736572745f6f6e5f73657373696f6e7c733a31393a22323031392d30332d30362030323a30393a3431223b6c6f676765645f696e7c623a313b),
('237qjakb6c6p8s42vnj7tfomqrt6crk5', '::1', 1551947628, 0x5f5f63695f6c6173745f726567656e65726174657c693a313535313934373632383b),
('nde6pvogtu7nsshg1d4ish6nh4v3ve5d', '::1', 1551956118, 0x5f5f63695f6c6173745f726567656e65726174657c693a313535313935363131383b69645f73657373696f6e7c733a313a2235223b6e616d615f73657373696f6e7c733a31353a22456e64726120536574696177616e20223b666f746f5f73657373696f6e7c733a31323a2261766174617235312e706e67223b68705f73657373696f6e7c733a31323a22313131323232333333343434223b656d61696c5f73657373696f6e7c733a31343a22656e647261406d61696c2e636f6d223b6c6f6b6173695f706572736f6e616c7c4e3b6c6576656c5f73657373696f6e7c733a373a2270656e6a75616c223b696e736572745f6f6e5f73657373696f6e7c733a31393a22323031392d30332d30362030323a30393a3431223b6c6f676765645f696e7c623a313b),
('cp4us9eth4ubjr1tnog8lahp62ejspgv', '::1', 1551956119, 0x5f5f63695f6c6173745f726567656e65726174657c693a313535313935363131383b69645f73657373696f6e7c733a313a2235223b6e616d615f73657373696f6e7c733a31353a22456e64726120536574696177616e20223b666f746f5f73657373696f6e7c733a31323a2261766174617235312e706e67223b68705f73657373696f6e7c733a31323a22313131323232333333343434223b656d61696c5f73657373696f6e7c733a31343a22656e647261406d61696c2e636f6d223b6c6f6b6173695f706572736f6e616c7c4e3b6c6576656c5f73657373696f6e7c733a373a2270656e6a75616c223b696e736572745f6f6e5f73657373696f6e7c733a31393a22323031392d30332d30362030323a30393a3431223b6c6f676765645f696e7c623a313b),
('j79nqva6ab1gqo3o2h4vnrj498eijtks', '::1', 1552054212, 0x5f5f63695f6c6173745f726567656e65726174657c693a313535323035343231323b),
('ln0cueavfp8r9eg7umi5depef23b7go1', '::1', 1552059699, 0x5f5f63695f6c6173745f726567656e65726174657c693a313535323035393639393b69645f73657373696f6e7c733a313a2235223b6e616d615f73657373696f6e7c733a31353a22456e64726120536574696177616e20223b666f746f5f73657373696f6e7c733a31323a2261766174617235312e706e67223b68705f73657373696f6e7c733a31323a22313131323232333333343434223b656d61696c5f73657373696f6e7c733a31343a22656e647261406d61696c2e636f6d223b6c6f6b6173695f706572736f6e616c7c4e3b6c6576656c5f73657373696f6e7c733a373a2270656e6a75616c223b696e736572745f6f6e5f73657373696f6e7c733a31393a22323031392d30332d30362030323a30393a3431223b6c6f676765645f696e7c623a313b),
('2114ndsuspsch80n5c8u7i3uck68lca6', '::1', 1552060294, 0x5f5f63695f6c6173745f726567656e65726174657c693a313535323036303239343b69645f73657373696f6e7c733a313a2235223b6e616d615f73657373696f6e7c733a31353a22456e64726120536574696177616e20223b666f746f5f73657373696f6e7c733a31323a2261766174617235312e706e67223b68705f73657373696f6e7c733a31323a22313131323232333333343434223b656d61696c5f73657373696f6e7c733a31343a22656e647261406d61696c2e636f6d223b6c6f6b6173695f706572736f6e616c7c4e3b6c6576656c5f73657373696f6e7c733a373a2270656e6a75616c223b696e736572745f6f6e5f73657373696f6e7c733a31393a22323031392d30332d30362030323a30393a3431223b6c6f676765645f696e7c623a313b),
('nprvne68sljsu325hegmk5gklhp632lj', '::1', 1552060873, 0x5f5f63695f6c6173745f726567656e65726174657c693a313535323036303837333b69645f73657373696f6e7c733a313a2235223b6e616d615f73657373696f6e7c733a31353a22456e64726120536574696177616e20223b666f746f5f73657373696f6e7c733a31323a2261766174617235312e706e67223b68705f73657373696f6e7c733a31323a22313131323232333333343434223b656d61696c5f73657373696f6e7c733a31343a22656e647261406d61696c2e636f6d223b6c6f6b6173695f706572736f6e616c7c4e3b6c6576656c5f73657373696f6e7c733a373a2270656e6a75616c223b696e736572745f6f6e5f73657373696f6e7c733a31393a22323031392d30332d30362030323a30393a3431223b6c6f676765645f696e7c623a313b),
('o62fq6pmrj6mgi7d6d2q8ef02i7j71s2', '::1', 1552061434, 0x5f5f63695f6c6173745f726567656e65726174657c693a313535323036313433343b69645f73657373696f6e7c733a313a2235223b6e616d615f73657373696f6e7c733a31353a22456e64726120536574696177616e20223b666f746f5f73657373696f6e7c733a31323a2261766174617235312e706e67223b68705f73657373696f6e7c733a31323a22313131323232333333343434223b656d61696c5f73657373696f6e7c733a31343a22656e647261406d61696c2e636f6d223b6c6f6b6173695f706572736f6e616c7c4e3b6c6576656c5f73657373696f6e7c733a373a2270656e6a75616c223b696e736572745f6f6e5f73657373696f6e7c733a31393a22323031392d30332d30362030323a30393a3431223b6c6f676765645f696e7c623a313b),
('lb05rppfmj5jf9mks3fhidlltg88k7hc', '::1', 1552061762, 0x5f5f63695f6c6173745f726567656e65726174657c693a313535323036313736323b69645f73657373696f6e7c733a313a2235223b6e616d615f73657373696f6e7c733a31353a22456e64726120536574696177616e20223b666f746f5f73657373696f6e7c733a31323a2261766174617235312e706e67223b68705f73657373696f6e7c733a31323a22313131323232333333343434223b656d61696c5f73657373696f6e7c733a31343a22656e647261406d61696c2e636f6d223b6c6f6b6173695f706572736f6e616c7c4e3b6c6576656c5f73657373696f6e7c733a373a2270656e6a75616c223b696e736572745f6f6e5f73657373696f6e7c733a31393a22323031392d30332d30362030323a30393a3431223b6c6f676765645f696e7c623a313b),
('ra3nl7vc9alqsnq746jmbf598n1i8ae7', '::1', 1552062096, 0x5f5f63695f6c6173745f726567656e65726174657c693a313535323036323039363b69645f73657373696f6e7c733a313a2235223b6e616d615f73657373696f6e7c733a31353a22456e64726120536574696177616e20223b666f746f5f73657373696f6e7c733a31323a2261766174617235312e706e67223b68705f73657373696f6e7c733a31323a22313131323232333333343434223b656d61696c5f73657373696f6e7c733a31343a22656e647261406d61696c2e636f6d223b6c6f6b6173695f706572736f6e616c7c4e3b6c6576656c5f73657373696f6e7c733a373a2270656e6a75616c223b696e736572745f6f6e5f73657373696f6e7c733a31393a22323031392d30332d30362030323a30393a3431223b6c6f676765645f696e7c623a313b),
('u2mafv7l9qa7cgv0uumglb110huvspua', '::1', 1552062117, 0x5f5f63695f6c6173745f726567656e65726174657c693a313535323036323039363b69645f73657373696f6e7c733a313a2235223b6e616d615f73657373696f6e7c733a31353a22456e64726120536574696177616e20223b666f746f5f73657373696f6e7c733a31323a2261766174617235312e706e67223b68705f73657373696f6e7c733a31323a22313131323232333333343434223b656d61696c5f73657373696f6e7c733a31343a22656e647261406d61696c2e636f6d223b6c6f6b6173695f706572736f6e616c7c4e3b6c6576656c5f73657373696f6e7c733a373a2270656e6a75616c223b696e736572745f6f6e5f73657373696f6e7c733a31393a22323031392d30332d30362030323a30393a3431223b6c6f676765645f696e7c623a313b),
('kvs34gj5aedtmfj2tv403tgm78l9qb74', '::1', 1552276412, 0x5f5f63695f6c6173745f726567656e65726174657c693a313535323237363431323b69645f73657373696f6e7c733a313a2234223b6e616d615f73657373696f6e7c733a343a2262617975223b666f746f5f73657373696f6e7c4e3b68705f73657373696f6e7c733a31323a22303831323232333333343434223b656d61696c5f73657373696f6e7c733a31333a2262617975406d61696c2e636f6d223b6c6f6b6173695f706572736f6e616c7c4e3b6c6576656c5f73657373696f6e7c733a373a2270656e6a75616c223b696e736572745f6f6e5f73657373696f6e7c733a31393a22323031392d30322d32332030393a34313a3530223b6c6f676765645f696e7c623a313b),
('r0a4drjgpvetlj215s3cp6cuun0jogh6', '::1', 1552277293, 0x5f5f63695f6c6173745f726567656e65726174657c693a313535323237373239333b69645f73657373696f6e7c733a313a2234223b6e616d615f73657373696f6e7c733a343a2262617975223b666f746f5f73657373696f6e7c4e3b68705f73657373696f6e7c733a31323a22303831323232333333343434223b656d61696c5f73657373696f6e7c733a31333a2262617975406d61696c2e636f6d223b6c6f6b6173695f706572736f6e616c7c4e3b6c6576656c5f73657373696f6e7c733a373a2270656e6a75616c223b696e736572745f6f6e5f73657373696f6e7c733a31393a22323031392d30322d32332030393a34313a3530223b6c6f676765645f696e7c623a313b),
('enggas3tlhd20l7aredt6tcvln4sdmnt', '::1', 1552277656, 0x5f5f63695f6c6173745f726567656e65726174657c693a313535323237373635363b69645f73657373696f6e7c733a313a2234223b6e616d615f73657373696f6e7c733a343a2262617975223b666f746f5f73657373696f6e7c4e3b68705f73657373696f6e7c733a31323a22303831323232333333343434223b656d61696c5f73657373696f6e7c733a31333a2262617975406d61696c2e636f6d223b6c6f6b6173695f706572736f6e616c7c4e3b6c6576656c5f73657373696f6e7c733a373a2270656e6a75616c223b696e736572745f6f6e5f73657373696f6e7c733a31393a22323031392d30322d32332030393a34313a3530223b6c6f676765645f696e7c623a313b),
('up1otoavejfr9usmh6lbmhc21ibubme9', '::1', 1552278447, 0x5f5f63695f6c6173745f726567656e65726174657c693a313535323237383434373b69645f73657373696f6e7c733a313a2234223b6e616d615f73657373696f6e7c733a343a2262617975223b666f746f5f73657373696f6e7c4e3b68705f73657373696f6e7c733a31323a22303831323232333333343434223b656d61696c5f73657373696f6e7c733a31333a2262617975406d61696c2e636f6d223b6c6f6b6173695f706572736f6e616c7c4e3b6c6576656c5f73657373696f6e7c733a373a2270656e6a75616c223b696e736572745f6f6e5f73657373696f6e7c733a31393a22323031392d30322d32332030393a34313a3530223b6c6f676765645f696e7c623a313b),
('n8orrk0c7hevjk0k8ado4ou8aukljn81', '::1', 1552279602, 0x5f5f63695f6c6173745f726567656e65726174657c693a313535323237393630323b69645f73657373696f6e7c733a313a2232223b6e616d615f73657373696f6e7c733a353a2261646d696e223b666f746f5f73657373696f6e7c733a31383a224368727973616e7468656d756d342e6a7067223b68705f73657373696f6e7c733a343a2231313233223b656d61696c5f73657373696f6e7c733a31353a2261646d696e40676d61696c2e636f6d223b6c6f6b6173695f706572736f6e616c7c4e3b6c6576656c5f73657373696f6e7c733a353a2261646d696e223b696e736572745f6f6e5f73657373696f6e7c733a31393a22323031392d30322d30382031323a31373a3236223b6c6f676765645f696e7c623a313b),
('m58gim87ve24iv3vb9j01ui50k19r5g3', '::1', 1552279640, 0x5f5f63695f6c6173745f726567656e65726174657c693a313535323237393630323b69645f73657373696f6e7c733a313a2232223b6e616d615f73657373696f6e7c733a353a2261646d696e223b666f746f5f73657373696f6e7c733a31383a224368727973616e7468656d756d342e6a7067223b68705f73657373696f6e7c733a343a2231313233223b656d61696c5f73657373696f6e7c733a31353a2261646d696e40676d61696c2e636f6d223b6c6f6b6173695f706572736f6e616c7c4e3b6c6576656c5f73657373696f6e7c733a353a2261646d696e223b696e736572745f6f6e5f73657373696f6e7c733a31393a22323031392d30322d30382031323a31373a3236223b6c6f676765645f696e7c623a313b);
INSERT INTO `ci_sessions` (`id`, `ip_address`, `timestamp`, `data`) VALUES
('uhkjmhknv67lsa76teofrrd91euj1fbq', '::1', 1552294711, 0x5f5f63695f6c6173745f726567656e65726174657c693a313535323239343731313b),
('t68g7qpbqnhvd4u2jrr92fln3u3ck1b7', '::1', 1552297881, 0x5f5f63695f6c6173745f726567656e65726174657c693a313535323239373838313b69645f73657373696f6e7c733a313a2234223b6e616d615f73657373696f6e7c733a343a2262617975223b666f746f5f73657373696f6e7c4e3b68705f73657373696f6e7c733a31323a22303831323232333333343434223b656d61696c5f73657373696f6e7c733a31333a2262617975406d61696c2e636f6d223b6c6f6b6173695f706572736f6e616c7c4e3b6c6576656c5f73657373696f6e7c733a373a2270656e6a75616c223b696e736572745f6f6e5f73657373696f6e7c733a31393a22323031392d30322d32332030393a34313a3530223b6c6f676765645f696e7c623a313b),
('cbqvj9ltndqn5dtkucb8vp72jsui69vr', '::1', 1552297893, 0x5f5f63695f6c6173745f726567656e65726174657c693a313535323239373838313b69645f73657373696f6e7c733a313a2234223b6e616d615f73657373696f6e7c733a343a2262617975223b666f746f5f73657373696f6e7c4e3b68705f73657373696f6e7c733a31323a22303831323232333333343434223b656d61696c5f73657373696f6e7c733a31333a2262617975406d61696c2e636f6d223b6c6f6b6173695f706572736f6e616c7c4e3b6c6576656c5f73657373696f6e7c733a373a2270656e6a75616c223b696e736572745f6f6e5f73657373696f6e7c733a31393a22323031392d30322d32332030393a34313a3530223b6c6f676765645f696e7c623a313b),
('ohste26eqvmt6457ha9pchg8gh2af27h', '::1', 1552308572, 0x5f5f63695f6c6173745f726567656e65726174657c693a313535323330383537323b69645f73657373696f6e7c733a313a2235223b6e616d615f73657373696f6e7c733a31353a22456e64726120536574696177616e20223b666f746f5f73657373696f6e7c733a31323a2261766174617235312e706e67223b68705f73657373696f6e7c733a31323a22313131323232333333343434223b656d61696c5f73657373696f6e7c733a31343a22656e647261406d61696c2e636f6d223b6c6f6b6173695f706572736f6e616c7c4e3b6c6576656c5f73657373696f6e7c733a373a2270656e6a75616c223b696e736572745f6f6e5f73657373696f6e7c733a31393a22323031392d30332d30362030323a30393a3431223b6c6f676765645f696e7c623a313b),
('ej24uv57qvepe9797jksebtrlac2bf65', '::1', 1552309286, 0x5f5f63695f6c6173745f726567656e65726174657c693a313535323330393238363b69645f73657373696f6e7c733a313a2235223b6e616d615f73657373696f6e7c733a31353a22456e64726120536574696177616e20223b666f746f5f73657373696f6e7c733a31323a2261766174617235312e706e67223b68705f73657373696f6e7c733a31323a22313131323232333333343434223b656d61696c5f73657373696f6e7c733a31343a22656e647261406d61696c2e636f6d223b6c6f6b6173695f706572736f6e616c7c4e3b6c6576656c5f73657373696f6e7c733a373a2270656e6a75616c223b696e736572745f6f6e5f73657373696f6e7c733a31393a22323031392d30332d30362030323a30393a3431223b6c6f676765645f696e7c623a313b),
('klke3bljq47gvvhvlkcg428ucoglfovj', '::1', 1552309598, 0x5f5f63695f6c6173745f726567656e65726174657c693a313535323330393539383b69645f73657373696f6e7c733a313a2235223b6e616d615f73657373696f6e7c733a31353a22456e64726120536574696177616e20223b666f746f5f73657373696f6e7c733a31323a2261766174617235312e706e67223b68705f73657373696f6e7c733a31323a22313131323232333333343434223b656d61696c5f73657373696f6e7c733a31343a22656e647261406d61696c2e636f6d223b6c6f6b6173695f706572736f6e616c7c4e3b6c6576656c5f73657373696f6e7c733a373a2270656e6a75616c223b696e736572745f6f6e5f73657373696f6e7c733a31393a22323031392d30332d30362030323a30393a3431223b6c6f676765645f696e7c623a313b),
('jo3ad605dc236tp6fh8qmfsq49pmdlv3', '::1', 1552309922, 0x5f5f63695f6c6173745f726567656e65726174657c693a313535323330393932323b69645f73657373696f6e7c733a313a2235223b6e616d615f73657373696f6e7c733a31353a22456e64726120536574696177616e20223b666f746f5f73657373696f6e7c733a31323a2261766174617235312e706e67223b68705f73657373696f6e7c733a31323a22313131323232333333343434223b656d61696c5f73657373696f6e7c733a31343a22656e647261406d61696c2e636f6d223b6c6f6b6173695f706572736f6e616c7c4e3b6c6576656c5f73657373696f6e7c733a373a2270656e6a75616c223b696e736572745f6f6e5f73657373696f6e7c733a31393a22323031392d30332d30362030323a30393a3431223b6c6f676765645f696e7c623a313b),
('4eb2gasvkg1sb0i2ncarsh81rksnbe4l', '::1', 1552310590, 0x5f5f63695f6c6173745f726567656e65726174657c693a313535323331303539303b69645f73657373696f6e7c733a313a2235223b6e616d615f73657373696f6e7c733a31353a22456e64726120536574696177616e20223b666f746f5f73657373696f6e7c733a31323a2261766174617235312e706e67223b68705f73657373696f6e7c733a31323a22313131323232333333343434223b656d61696c5f73657373696f6e7c733a31343a22656e647261406d61696c2e636f6d223b6c6f6b6173695f706572736f6e616c7c4e3b6c6576656c5f73657373696f6e7c733a373a2270656e6a75616c223b696e736572745f6f6e5f73657373696f6e7c733a31393a22323031392d30332d30362030323a30393a3431223b6c6f676765645f696e7c623a313b),
('j6159qqk35ahfpqd144u53tk8ocustri', '::1', 1552311926, 0x5f5f63695f6c6173745f726567656e65726174657c693a313535323331313932363b69645f73657373696f6e7c733a313a2235223b6e616d615f73657373696f6e7c733a31353a22456e64726120536574696177616e20223b666f746f5f73657373696f6e7c733a31323a2261766174617235312e706e67223b68705f73657373696f6e7c733a31323a22313131323232333333343434223b656d61696c5f73657373696f6e7c733a31343a22656e647261406d61696c2e636f6d223b6c6f6b6173695f706572736f6e616c7c4e3b6c6576656c5f73657373696f6e7c733a373a2270656e6a75616c223b696e736572745f6f6e5f73657373696f6e7c733a31393a22323031392d30332d30362030323a30393a3431223b6c6f676765645f696e7c623a313b),
('rv1196urpavgn99nrndcbdrhse7fcirk', '::1', 1552312333, 0x5f5f63695f6c6173745f726567656e65726174657c693a313535323331323333333b69645f73657373696f6e7c733a313a2235223b6e616d615f73657373696f6e7c733a31353a22456e64726120536574696177616e20223b666f746f5f73657373696f6e7c733a31323a2261766174617235312e706e67223b68705f73657373696f6e7c733a31323a22313131323232333333343434223b656d61696c5f73657373696f6e7c733a31343a22656e647261406d61696c2e636f6d223b6c6f6b6173695f706572736f6e616c7c4e3b6c6576656c5f73657373696f6e7c733a373a2270656e6a75616c223b696e736572745f6f6e5f73657373696f6e7c733a31393a22323031392d30332d30362030323a30393a3431223b6c6f676765645f696e7c623a313b),
('h1iur9npl2rljk8gtd65l47uurj7edu6', '::1', 1552315518, 0x5f5f63695f6c6173745f726567656e65726174657c693a313535323331353531383b69645f73657373696f6e7c733a313a2235223b6e616d615f73657373696f6e7c733a31353a22456e64726120536574696177616e20223b666f746f5f73657373696f6e7c733a31323a2261766174617235312e706e67223b68705f73657373696f6e7c733a31323a22313131323232333333343434223b656d61696c5f73657373696f6e7c733a31343a22656e647261406d61696c2e636f6d223b6c6f6b6173695f706572736f6e616c7c4e3b6c6576656c5f73657373696f6e7c733a373a2270656e6a75616c223b696e736572745f6f6e5f73657373696f6e7c733a31393a22323031392d30332d30362030323a30393a3431223b6c6f676765645f696e7c623a313b),
('f5u33r5d04sni4n29s48bkatnl5n8bs7', '::1', 1552315606, 0x5f5f63695f6c6173745f726567656e65726174657c693a313535323331353531383b69645f73657373696f6e7c733a313a2235223b6e616d615f73657373696f6e7c733a31353a22456e64726120536574696177616e20223b666f746f5f73657373696f6e7c733a31323a2261766174617235312e706e67223b68705f73657373696f6e7c733a31323a22313131323232333333343434223b656d61696c5f73657373696f6e7c733a31343a22656e647261406d61696c2e636f6d223b6c6f6b6173695f706572736f6e616c7c4e3b6c6576656c5f73657373696f6e7c733a373a2270656e6a75616c223b696e736572745f6f6e5f73657373696f6e7c733a31393a22323031392d30332d30362030323a30393a3431223b6c6f676765645f696e7c623a313b),
('mmp23204qkn97c0m4pb54q8ie9bv6irn', '::1', 1552352225, 0x5f5f63695f6c6173745f726567656e65726174657c693a313535323335323232353b69645f73657373696f6e7c733a313a2235223b6e616d615f73657373696f6e7c733a31353a22456e64726120536574696177616e20223b666f746f5f73657373696f6e7c733a31323a2261766174617235312e706e67223b68705f73657373696f6e7c733a31323a22313131323232333333343434223b656d61696c5f73657373696f6e7c733a31343a22656e647261406d61696c2e636f6d223b6c6f6b6173695f706572736f6e616c7c4e3b6c6576656c5f73657373696f6e7c733a373a2270656e6a75616c223b696e736572745f6f6e5f73657373696f6e7c733a31393a22323031392d30332d30362030323a30393a3431223b6c6f676765645f696e7c623a313b),
('pfr5v1a3jq093fepjduf3d4i6svsbrtl', '::1', 1552353166, 0x5f5f63695f6c6173745f726567656e65726174657c693a313535323335333136363b69645f73657373696f6e7c733a313a2232223b6e616d615f73657373696f6e7c733a353a2261646d696e223b666f746f5f73657373696f6e7c733a31383a224368727973616e7468656d756d342e6a7067223b68705f73657373696f6e7c733a343a2231313233223b656d61696c5f73657373696f6e7c733a31353a2261646d696e40676d61696c2e636f6d223b6c6f6b6173695f706572736f6e616c7c4e3b6c6576656c5f73657373696f6e7c733a353a2261646d696e223b696e736572745f6f6e5f73657373696f6e7c733a31393a22323031392d30322d30382031323a31373a3236223b6c6f676765645f696e7c623a313b),
('08bjlqsnnc2si50d6rqevig8gnrfm1j9', '::1', 1552353495, 0x5f5f63695f6c6173745f726567656e65726174657c693a313535323335333439353b69645f73657373696f6e7c733a313a2235223b6e616d615f73657373696f6e7c733a31353a22456e64726120536574696177616e20223b666f746f5f73657373696f6e7c733a31323a2261766174617235312e706e67223b68705f73657373696f6e7c733a31323a22313131323232333333343434223b656d61696c5f73657373696f6e7c733a31343a22656e647261406d61696c2e636f6d223b6c6f6b6173695f706572736f6e616c7c4e3b6c6576656c5f73657373696f6e7c733a373a2270656e6a75616c223b696e736572745f6f6e5f73657373696f6e7c733a31393a22323031392d30332d30362030323a30393a3431223b6c6f676765645f696e7c623a313b),
('dov31tn7pasc624jjupu9upmsifnn7ej', '::1', 1552354076, 0x5f5f63695f6c6173745f726567656e65726174657c693a313535323335343037363b69645f73657373696f6e7c733a313a2235223b6e616d615f73657373696f6e7c733a31353a22456e64726120536574696177616e20223b666f746f5f73657373696f6e7c733a31323a2261766174617235312e706e67223b68705f73657373696f6e7c733a31323a22313131323232333333343434223b656d61696c5f73657373696f6e7c733a31343a22656e647261406d61696c2e636f6d223b6c6f6b6173695f706572736f6e616c7c4e3b6c6576656c5f73657373696f6e7c733a373a2270656e6a75616c223b696e736572745f6f6e5f73657373696f6e7c733a31393a22323031392d30332d30362030323a30393a3431223b6c6f676765645f696e7c623a313b),
('p5j85jn2io43aci6aotb56r8j28eo52g', '::1', 1552356019, 0x5f5f63695f6c6173745f726567656e65726174657c693a313535323335363031393b69645f73657373696f6e7c733a313a2235223b6e616d615f73657373696f6e7c733a31353a22456e64726120536574696177616e20223b666f746f5f73657373696f6e7c733a31323a2261766174617235312e706e67223b68705f73657373696f6e7c733a31323a22313131323232333333343434223b656d61696c5f73657373696f6e7c733a31343a22656e647261406d61696c2e636f6d223b6c6f6b6173695f706572736f6e616c7c4e3b6c6576656c5f73657373696f6e7c733a373a2270656e6a75616c223b696e736572745f6f6e5f73657373696f6e7c733a31393a22323031392d30332d30362030323a30393a3431223b6c6f676765645f696e7c623a313b),
('sgtd57m1u8ijvpuu27otjm5aagnmj4vc', '::1', 1552359412, 0x5f5f63695f6c6173745f726567656e65726174657c693a313535323335393431323b69645f73657373696f6e7c733a313a2235223b6e616d615f73657373696f6e7c733a31353a22456e64726120536574696177616e20223b666f746f5f73657373696f6e7c733a31323a2261766174617235312e706e67223b68705f73657373696f6e7c733a31323a22313131323232333333343434223b656d61696c5f73657373696f6e7c733a31343a22656e647261406d61696c2e636f6d223b6c6f6b6173695f73657373696f6e7c4e3b6c6576656c5f73657373696f6e7c733a373a2270656e6a75616c223b696e736572745f6f6e5f73657373696f6e7c733a31393a22323031392d30332d30362030323a30393a3431223b6c6f676765645f696e7c623a313b),
('82jj02neke06n70aoj6o1r3vd9vehf1n', '::1', 1552365705, 0x5f5f63695f6c6173745f726567656e65726174657c693a313535323336353730353b69645f73657373696f6e7c733a313a2235223b6e616d615f73657373696f6e7c733a31353a22456e64726120536574696177616e20223b666f746f5f73657373696f6e7c733a31323a2261766174617235312e706e67223b68705f73657373696f6e7c733a31323a22313131323232333333343434223b656d61696c5f73657373696f6e7c733a31343a22656e647261406d61696c2e636f6d223b6c6f6b6173695f73657373696f6e7c4e3b6c6576656c5f73657373696f6e7c733a373a2270656e6a75616c223b696e736572745f6f6e5f73657373696f6e7c733a31393a22323031392d30332d30362030323a30393a3431223b6c6f676765645f696e7c623a313b),
('pjhh4pos9t9d5a46lgf7l1hp0plr12uf', '::1', 1552365706, 0x5f5f63695f6c6173745f726567656e65726174657c693a313535323336353730353b69645f73657373696f6e7c733a313a2235223b6e616d615f73657373696f6e7c733a31353a22456e64726120536574696177616e20223b666f746f5f73657373696f6e7c733a31323a2261766174617235312e706e67223b68705f73657373696f6e7c733a31323a22313131323232333333343434223b656d61696c5f73657373696f6e7c733a31343a22656e647261406d61696c2e636f6d223b6c6f6b6173695f73657373696f6e7c4e3b6c6576656c5f73657373696f6e7c733a373a2270656e6a75616c223b696e736572745f6f6e5f73657373696f6e7c733a31393a22323031392d30332d30362030323a30393a3431223b6c6f676765645f696e7c623a313b),
('e18jsuo2bn5gn44an8vjr185uf1ng3jn', '::1', 1552398045, 0x5f5f63695f6c6173745f726567656e65726174657c693a313535323339383034353b),
('7nmrct902dvaisj6orda885imr8k0e0g', '::1', 1552398378, 0x5f5f63695f6c6173745f726567656e65726174657c693a313535323339383337383b),
('vo8p5a6or5ed2nnueom4lf5qfbu30nb6', '::1', 1552398680, 0x5f5f63695f6c6173745f726567656e65726174657c693a313535323339383638303b),
('ij4gpl3cqk4l9dulgnie60njvrsba01j', '::1', 1552399806, 0x5f5f63695f6c6173745f726567656e65726174657c693a313535323339393830363b),
('7o4lrl52o27kaq1vk63msdvpg1jjap9s', '::1', 1552404926, 0x5f5f63695f6c6173745f726567656e65726174657c693a313535323430343932363b),
('hoturr6rgvomleddhfja2gh97ck7uuia', '::1', 1552407234, 0x5f5f63695f6c6173745f726567656e65726174657c693a313535323430373233343b69645f73657373696f6e7c733a313a2232223b6e616d615f73657373696f6e7c733a353a2261646d696e223b666f746f5f73657373696f6e7c733a31383a224368727973616e7468656d756d342e6a7067223b68705f73657373696f6e7c733a343a2231313233223b656d61696c5f73657373696f6e7c733a31353a2261646d696e40676d61696c2e636f6d223b6c6f6b6173695f73657373696f6e7c4e3b6c6576656c5f73657373696f6e7c733a353a2261646d696e223b696e736572745f6f6e5f73657373696f6e7c733a31393a22323031392d30322d30382031323a31373a3236223b6c6f676765645f696e7c623a313b),
('r7hnfd4ingti3uen24cb1kgku5flvfll', '::1', 1552407236, 0x5f5f63695f6c6173745f726567656e65726174657c693a313535323430373233343b),
('ld7a6ialf90cpifk67jrfu0sd3uo12tb', '::1', 1552445864, 0x5f5f63695f6c6173745f726567656e65726174657c693a313535323434353836343b),
('p8e31607ajf8ntic2d1qks5k65sj45ga', '::1', 1552446678, 0x5f5f63695f6c6173745f726567656e65726174657c693a313535323434363637383b69645f73657373696f6e7c733a313a2232223b6e616d615f73657373696f6e7c733a353a2261646d696e223b666f746f5f73657373696f6e7c733a31383a224368727973616e7468656d756d342e6a7067223b68705f73657373696f6e7c733a343a2231313233223b656d61696c5f73657373696f6e7c733a31353a2261646d696e40676d61696c2e636f6d223b6c6f6b6173695f73657373696f6e7c4e3b6c6576656c5f73657373696f6e7c733a353a2261646d696e223b696e736572745f6f6e5f73657373696f6e7c733a31393a22323031392d30322d30382031323a31373a3236223b6c6f676765645f696e7c623a313b),
('pfc8u1pt8c6eqfa5tjpg5h9s3auvvvnm', '::1', 1552451544, 0x5f5f63695f6c6173745f726567656e65726174657c693a313535323435313534343b69645f73657373696f6e7c733a313a2232223b6e616d615f73657373696f6e7c733a353a2261646d696e223b666f746f5f73657373696f6e7c733a31383a224368727973616e7468656d756d342e6a7067223b68705f73657373696f6e7c733a343a2231313233223b656d61696c5f73657373696f6e7c733a31353a2261646d696e40676d61696c2e636f6d223b6c6f6b6173695f73657373696f6e7c4e3b6c6576656c5f73657373696f6e7c733a353a2261646d696e223b696e736572745f6f6e5f73657373696f6e7c733a31393a22323031392d30322d30382031323a31373a3236223b6c6f676765645f696e7c623a313b),
('98t0fhmuiqpbu7d4ouaadshv8he6061u', '::1', 1552452063, 0x5f5f63695f6c6173745f726567656e65726174657c693a313535323435323036333b69645f73657373696f6e7c733a313a2232223b6e616d615f73657373696f6e7c733a353a2261646d696e223b666f746f5f73657373696f6e7c733a31383a224368727973616e7468656d756d342e6a7067223b68705f73657373696f6e7c733a343a2231313233223b656d61696c5f73657373696f6e7c733a31353a2261646d696e40676d61696c2e636f6d223b6c6f6b6173695f73657373696f6e7c4e3b6c6576656c5f73657373696f6e7c733a353a2261646d696e223b696e736572745f6f6e5f73657373696f6e7c733a31393a22323031392d30322d30382031323a31373a3236223b6c6f676765645f696e7c623a313b),
('614n93uononmu8ilcais08au4dd0hia5', '::1', 1552452894, 0x5f5f63695f6c6173745f726567656e65726174657c693a313535323435323839343b69645f73657373696f6e7c733a313a2232223b6e616d615f73657373696f6e7c733a353a2261646d696e223b666f746f5f73657373696f6e7c733a31383a224368727973616e7468656d756d342e6a7067223b68705f73657373696f6e7c733a343a2231313233223b656d61696c5f73657373696f6e7c733a31353a2261646d696e40676d61696c2e636f6d223b6c6f6b6173695f73657373696f6e7c4e3b6c6576656c5f73657373696f6e7c733a353a2261646d696e223b696e736572745f6f6e5f73657373696f6e7c733a31393a22323031392d30322d30382031323a31373a3236223b6c6f676765645f696e7c623a313b),
('0btjart0i4dbqvgolshsj8ob3c94nuh8', '::1', 1552453778, 0x5f5f63695f6c6173745f726567656e65726174657c693a313535323435333737383b69645f73657373696f6e7c733a313a2232223b6e616d615f73657373696f6e7c733a353a2261646d696e223b666f746f5f73657373696f6e7c733a31383a224368727973616e7468656d756d342e6a7067223b68705f73657373696f6e7c733a343a2231313233223b656d61696c5f73657373696f6e7c733a31353a2261646d696e40676d61696c2e636f6d223b6c6f6b6173695f73657373696f6e7c4e3b6c6576656c5f73657373696f6e7c733a353a2261646d696e223b696e736572745f6f6e5f73657373696f6e7c733a31393a22323031392d30322d30382031323a31373a3236223b6c6f676765645f696e7c623a313b),
('2j1b7q0r4974pk6otkn0m02k0f0vo12d', '::1', 1552454185, 0x5f5f63695f6c6173745f726567656e65726174657c693a313535323435343138353b69645f73657373696f6e7c733a313a2232223b6e616d615f73657373696f6e7c733a353a2261646d696e223b666f746f5f73657373696f6e7c733a31383a224368727973616e7468656d756d342e6a7067223b68705f73657373696f6e7c733a343a2231313233223b656d61696c5f73657373696f6e7c733a31353a2261646d696e40676d61696c2e636f6d223b6c6f6b6173695f73657373696f6e7c4e3b6c6576656c5f73657373696f6e7c733a353a2261646d696e223b696e736572745f6f6e5f73657373696f6e7c733a31393a22323031392d30322d30382031323a31373a3236223b6c6f676765645f696e7c623a313b),
('28u85lnbrk80rtluabg2ofuofes5r0l3', '::1', 1552454464, 0x5f5f63695f6c6173745f726567656e65726174657c693a313535323435343138353b69645f73657373696f6e7c733a313a2232223b6e616d615f73657373696f6e7c733a353a2261646d696e223b666f746f5f73657373696f6e7c733a31383a224368727973616e7468656d756d342e6a7067223b68705f73657373696f6e7c733a343a2231313233223b656d61696c5f73657373696f6e7c733a31353a2261646d696e40676d61696c2e636f6d223b6c6f6b6173695f73657373696f6e7c4e3b6c6576656c5f73657373696f6e7c733a353a2261646d696e223b696e736572745f6f6e5f73657373696f6e7c733a31393a22323031392d30322d30382031323a31373a3236223b6c6f676765645f696e7c623a313b),
('rjq4k88ka471nh8t2r1nmb3cid9rj0ov', '::1', 1552573044, 0x5f5f63695f6c6173745f726567656e65726174657c693a313535323537333034343b),
('je5rjc5ggb26g4ceoqog48cmlvqloltj', '::1', 1552575107, 0x5f5f63695f6c6173745f726567656e65726174657c693a313535323537353130373b69645f73657373696f6e7c733a313a2232223b6e616d615f73657373696f6e7c733a353a2261646d696e223b666f746f5f73657373696f6e7c733a31383a224368727973616e7468656d756d342e6a7067223b68705f73657373696f6e7c733a343a2231313233223b656d61696c5f73657373696f6e7c733a31353a2261646d696e40676d61696c2e636f6d223b6c6f6b6173695f73657373696f6e7c4e3b6c6576656c5f73657373696f6e7c733a353a2261646d696e223b696e736572745f6f6e5f73657373696f6e7c733a31393a22323031392d30322d30382031323a31373a3236223b6c6f676765645f696e7c623a313b),
('g4uspap9p4ru54mua8c2dsecglas9alv', '::1', 1552575611, 0x5f5f63695f6c6173745f726567656e65726174657c693a313535323537353631313b69645f73657373696f6e7c733a313a2232223b6e616d615f73657373696f6e7c733a353a2261646d696e223b666f746f5f73657373696f6e7c733a31383a224368727973616e7468656d756d342e6a7067223b68705f73657373696f6e7c733a343a2231313233223b656d61696c5f73657373696f6e7c733a31353a2261646d696e40676d61696c2e636f6d223b6c6f6b6173695f73657373696f6e7c4e3b6c6576656c5f73657373696f6e7c733a353a2261646d696e223b696e736572745f6f6e5f73657373696f6e7c733a31393a22323031392d30322d30382031323a31373a3236223b6c6f676765645f696e7c623a313b),
('qcj2d3shgmvgii3brk7j1pij0gehqsdc', '::1', 1552575810, 0x5f5f63695f6c6173745f726567656e65726174657c693a313535323537353631313b69645f73657373696f6e7c733a313a2232223b6e616d615f73657373696f6e7c733a353a2261646d696e223b666f746f5f73657373696f6e7c733a31383a224368727973616e7468656d756d342e6a7067223b68705f73657373696f6e7c733a343a2231313233223b656d61696c5f73657373696f6e7c733a31353a2261646d696e40676d61696c2e636f6d223b6c6f6b6173695f73657373696f6e7c4e3b6c6576656c5f73657373696f6e7c733a353a2261646d696e223b696e736572745f6f6e5f73657373696f6e7c733a31393a22323031392d30322d30382031323a31373a3236223b6c6f676765645f696e7c623a313b),
('uui1b4tlpacl92s6bvijps6elsk1nqdo', '::1', 1552578346, 0x5f5f63695f6c6173745f726567656e65726174657c693a313535323537383334363b69645f73657373696f6e7c733a313a2232223b6e616d615f73657373696f6e7c733a353a2261646d696e223b666f746f5f73657373696f6e7c733a31383a224368727973616e7468656d756d342e6a7067223b68705f73657373696f6e7c733a343a2231313233223b656d61696c5f73657373696f6e7c733a31353a2261646d696e40676d61696c2e636f6d223b6c6f6b6173695f73657373696f6e7c4e3b6c6576656c5f73657373696f6e7c733a353a2261646d696e223b696e736572745f6f6e5f73657373696f6e7c733a31393a22323031392d30322d30382031323a31373a3236223b6c6f676765645f696e7c623a313b),
('i4vm73icgr24e4qlu4s00itfr4lsq7t7', '::1', 1552578660, 0x5f5f63695f6c6173745f726567656e65726174657c693a313535323537383636303b69645f73657373696f6e7c733a313a2232223b6e616d615f73657373696f6e7c733a353a2261646d696e223b666f746f5f73657373696f6e7c733a31383a224368727973616e7468656d756d342e6a7067223b68705f73657373696f6e7c733a343a2231313233223b656d61696c5f73657373696f6e7c733a31353a2261646d696e40676d61696c2e636f6d223b6c6f6b6173695f73657373696f6e7c4e3b6c6576656c5f73657373696f6e7c733a353a2261646d696e223b696e736572745f6f6e5f73657373696f6e7c733a31393a22323031392d30322d30382031323a31373a3236223b6c6f676765645f696e7c623a313b),
('rfblt9rdnm7b9n8q2omgilj6e3jc4g6e', '::1', 1552579950, 0x5f5f63695f6c6173745f726567656e65726174657c693a313535323537393935303b69645f73657373696f6e7c733a313a2232223b6e616d615f73657373696f6e7c733a353a2261646d696e223b666f746f5f73657373696f6e7c733a31383a224368727973616e7468656d756d342e6a7067223b68705f73657373696f6e7c733a343a2231313233223b656d61696c5f73657373696f6e7c733a31353a2261646d696e40676d61696c2e636f6d223b6c6f6b6173695f73657373696f6e7c4e3b6c6576656c5f73657373696f6e7c733a353a2261646d696e223b696e736572745f6f6e5f73657373696f6e7c733a31393a22323031392d30322d30382031323a31373a3236223b6c6f676765645f696e7c623a313b),
('v42rd6tlaj7kfqglq5f3ea897c50c1s0', '::1', 1552580257, 0x5f5f63695f6c6173745f726567656e65726174657c693a313535323538303235373b69645f73657373696f6e7c733a313a2232223b6e616d615f73657373696f6e7c733a353a2261646d696e223b666f746f5f73657373696f6e7c733a31383a224368727973616e7468656d756d342e6a7067223b68705f73657373696f6e7c733a343a2231313233223b656d61696c5f73657373696f6e7c733a31353a2261646d696e40676d61696c2e636f6d223b6c6f6b6173695f73657373696f6e7c4e3b6c6576656c5f73657373696f6e7c733a353a2261646d696e223b696e736572745f6f6e5f73657373696f6e7c733a31393a22323031392d30322d30382031323a31373a3236223b6c6f676765645f696e7c623a313b),
('neipcia8a0jrbr638p6u5ouo3gn42psv', '::1', 1552581833, 0x5f5f63695f6c6173745f726567656e65726174657c693a313535323538313833333b69645f73657373696f6e7c733a313a2232223b6e616d615f73657373696f6e7c733a353a2261646d696e223b666f746f5f73657373696f6e7c733a31383a224368727973616e7468656d756d342e6a7067223b68705f73657373696f6e7c733a343a2231313233223b656d61696c5f73657373696f6e7c733a31353a2261646d696e40676d61696c2e636f6d223b6c6f6b6173695f73657373696f6e7c4e3b6c6576656c5f73657373696f6e7c733a353a2261646d696e223b696e736572745f6f6e5f73657373696f6e7c733a31393a22323031392d30322d30382031323a31373a3236223b6c6f676765645f696e7c623a313b),
('doiikd8ncj8apb4u8enkl7ems2imjd7q', '::1', 1552581853, 0x5f5f63695f6c6173745f726567656e65726174657c693a313535323538313833333b69645f73657373696f6e7c733a313a2232223b6e616d615f73657373696f6e7c733a353a2261646d696e223b666f746f5f73657373696f6e7c733a31383a224368727973616e7468656d756d342e6a7067223b68705f73657373696f6e7c733a343a2231313233223b656d61696c5f73657373696f6e7c733a31353a2261646d696e40676d61696c2e636f6d223b6c6f6b6173695f73657373696f6e7c4e3b6c6576656c5f73657373696f6e7c733a353a2261646d696e223b696e736572745f6f6e5f73657373696f6e7c733a31393a22323031392d30322d30382031323a31373a3236223b6c6f676765645f696e7c623a313b),
('gjqs9q9pejj3gicpn60eut3t49uro8a5', '::1', 1552619141, 0x5f5f63695f6c6173745f726567656e65726174657c693a313535323631393134313b),
('j4hn87ts0a2gp6i6epp6o97s7p4shtds', '::1', 1552619509, 0x5f5f63695f6c6173745f726567656e65726174657c693a313535323631393530393b69645f73657373696f6e7c733a313a2232223b6e616d615f73657373696f6e7c733a353a2261646d696e223b666f746f5f73657373696f6e7c733a31383a224368727973616e7468656d756d342e6a7067223b68705f73657373696f6e7c733a343a2231313233223b656d61696c5f73657373696f6e7c733a31353a2261646d696e40676d61696c2e636f6d223b6c6f6b6173695f73657373696f6e7c4e3b6c6576656c5f73657373696f6e7c733a353a2261646d696e223b696e736572745f6f6e5f73657373696f6e7c733a31393a22323031392d30322d30382031323a31373a3236223b6c6f676765645f696e7c623a313b),
('qgk1imcv43dg4bq0qr7nhco5hvq1472i', '::1', 1552620045, 0x5f5f63695f6c6173745f726567656e65726174657c693a313535323632303034353b69645f73657373696f6e7c733a313a2231223b6e616d615f73657373696f6e7c733a343a22636f6261223b666f746f5f73657373696f6e7c733a31303a224465736572742e6a7067223b68705f73657373696f6e7c733a343a2232323232223b656d61696c5f73657373696f6e7c733a31333a22636f6261406d61696c2e636f6d223b6c6f6b6173695f73657373696f6e7c4e3b6c6576656c5f73657373696f6e7c733a353a2261646d696e223b696e736572745f6f6e5f73657373696f6e7c733a31393a22323031392d30322d30372030383a33303a3235223b6c6f676765645f696e7c623a313b),
('19e7k1jcdke72n7s3muhcjueuulc09fb', '::1', 1552620767, 0x5f5f63695f6c6173745f726567656e65726174657c693a313535323632303736373b69645f73657373696f6e7c733a313a2231223b6e616d615f73657373696f6e7c733a343a22636f6261223b666f746f5f73657373696f6e7c733a31303a224465736572742e6a7067223b68705f73657373696f6e7c733a343a2232323232223b656d61696c5f73657373696f6e7c733a31333a22636f6261406d61696c2e636f6d223b6c6f6b6173695f73657373696f6e7c4e3b6c6576656c5f73657373696f6e7c733a353a2261646d696e223b696e736572745f6f6e5f73657373696f6e7c733a31393a22323031392d30322d30372030383a33303a3235223b6c6f676765645f696e7c623a313b),
('udaedm3dcmffa4l7rpk7uqgcrb6hm983', '::1', 1552620992, 0x5f5f63695f6c6173745f726567656e65726174657c693a313535323632303736373b69645f73657373696f6e7c733a313a2231223b6e616d615f73657373696f6e7c733a343a22636f6261223b666f746f5f73657373696f6e7c733a31303a224465736572742e6a7067223b68705f73657373696f6e7c733a343a2232323232223b656d61696c5f73657373696f6e7c733a31333a22636f6261406d61696c2e636f6d223b6c6f6b6173695f73657373696f6e7c4e3b6c6576656c5f73657373696f6e7c733a353a2261646d696e223b696e736572745f6f6e5f73657373696f6e7c733a31393a22323031392d30322d30372030383a33303a3235223b6c6f676765645f696e7c623a313b),
('mgp958iskcrscb09hhtflj6mv4aktqt5', '::1', 1552884186, 0x5f5f63695f6c6173745f726567656e65726174657c693a313535323838343138363b),
('j75cv2397v2qehd1sm9ss76g1cgpdfrs', '::1', 1552885414, 0x5f5f63695f6c6173745f726567656e65726174657c693a313535323838353431343b),
('lqk6rjql3i1h4rc79lhka5q1nftoa9ip', '::1', 1552886381, 0x5f5f63695f6c6173745f726567656e65726174657c693a313535323838363338313b),
('jt4q8ph1svfuvuk54lieva2io03ss0qt', '::1', 1552887265, 0x5f5f63695f6c6173745f726567656e65726174657c693a313535323838373236353b),
('vd2bjt7u1tfbq2cqbaalepp5srbmrl12', '::1', 1552887470, 0x5f5f63695f6c6173745f726567656e65726174657c693a313535323838373236353b),
('r0sldcmo3s7rt66jr1ua6hamno9rollk', '::1', 1552911497, 0x5f5f63695f6c6173745f726567656e65726174657c693a313535323931313439373b),
('jcfbfd3e7umodv8kdnqktp5av7lgq38j', '::1', 1552911944, 0x5f5f63695f6c6173745f726567656e65726174657c693a313535323931313934343b69645f73657373696f6e7c733a313a2234223b6e616d615f73657373696f6e7c733a343a2262617975223b666f746f5f73657373696f6e7c4e3b68705f73657373696f6e7c733a31323a22303831323232333333343434223b656d61696c5f73657373696f6e7c733a31333a2262617975406d61696c2e636f6d223b6c6f6b6173695f73657373696f6e7c4e3b6c6576656c5f73657373696f6e7c733a373a2270656e6a75616c223b696e736572745f6f6e5f73657373696f6e7c733a31393a22323031392d30322d32332030393a34313a3530223b6c6f676765645f696e7c623a313b),
('lr9pcv3kvboa5210s9qcvrko364f02ac', '::1', 1552912402, 0x5f5f63695f6c6173745f726567656e65726174657c693a313535323931323430323b69645f73657373696f6e7c733a313a2232223b6e616d615f73657373696f6e7c733a353a2261646d696e223b666f746f5f73657373696f6e7c733a31383a224368727973616e7468656d756d342e6a7067223b68705f73657373696f6e7c733a343a2231313233223b656d61696c5f73657373696f6e7c733a31353a2261646d696e40676d61696c2e636f6d223b6c6f6b6173695f73657373696f6e7c4e3b6c6576656c5f73657373696f6e7c733a353a2261646d696e223b696e736572745f6f6e5f73657373696f6e7c733a31393a22323031392d30322d30382031323a31373a3236223b6c6f676765645f696e7c623a313b),
('450dc0p7edpop64l8o79hcg9bq44hjf3', '::1', 1552914120, 0x5f5f63695f6c6173745f726567656e65726174657c693a313535323931343132303b69645f73657373696f6e7c733a313a2235223b6e616d615f73657373696f6e7c733a31353a22456e64726120536574696177616e20223b666f746f5f73657373696f6e7c733a31323a2261766174617235312e706e67223b68705f73657373696f6e7c733a31323a22313131323232333333343434223b656d61696c5f73657373696f6e7c733a31343a22656e647261406d61696c2e636f6d223b6c6f6b6173695f73657373696f6e7c4e3b6c6576656c5f73657373696f6e7c733a373a2270656e6a75616c223b696e736572745f6f6e5f73657373696f6e7c733a31393a22323031392d30332d30362030323a30393a3431223b6c6f676765645f696e7c623a313b),
('qgnau9mn6851venj7fe5p8k139u780i1', '::1', 1552914388, 0x5f5f63695f6c6173745f726567656e65726174657c693a313535323931343132303b69645f73657373696f6e7c733a313a2235223b6e616d615f73657373696f6e7c733a31353a22456e64726120536574696177616e20223b666f746f5f73657373696f6e7c733a31323a2261766174617235312e706e67223b68705f73657373696f6e7c733a31323a22313131323232333333343434223b656d61696c5f73657373696f6e7c733a31343a22656e647261406d61696c2e636f6d223b6c6f6b6173695f73657373696f6e7c4e3b6c6576656c5f73657373696f6e7c733a373a2270656e6a75616c223b696e736572745f6f6e5f73657373696f6e7c733a31393a22323031392d30332d30362030323a30393a3431223b6c6f676765645f696e7c623a313b),
('j9gthf5rlhhalcv24ol18du9en30ta3p', '::1', 1552965253, 0x5f5f63695f6c6173745f726567656e65726174657c693a313535323936353235333b69645f73657373696f6e7c733a313a2232223b6e616d615f73657373696f6e7c733a353a2261646d696e223b666f746f5f73657373696f6e7c733a31383a224368727973616e7468656d756d342e6a7067223b68705f73657373696f6e7c733a343a2231313233223b656d61696c5f73657373696f6e7c733a31353a2261646d696e40676d61696c2e636f6d223b6c6f6b6173695f73657373696f6e7c4e3b6c6576656c5f73657373696f6e7c733a353a2261646d696e223b696e736572745f6f6e5f73657373696f6e7c733a31393a22323031392d30322d30382031323a31373a3236223b6c6f676765645f696e7c623a313b),
('v2sc469fa9fgni01ii7hfu8q8k46r75t', '::1', 1552965564, 0x5f5f63695f6c6173745f726567656e65726174657c693a313535323936353536343b69645f73657373696f6e7c733a313a2232223b6e616d615f73657373696f6e7c733a353a2261646d696e223b666f746f5f73657373696f6e7c733a31383a224368727973616e7468656d756d342e6a7067223b68705f73657373696f6e7c733a343a2231313233223b656d61696c5f73657373696f6e7c733a31353a2261646d696e40676d61696c2e636f6d223b6c6f6b6173695f73657373696f6e7c4e3b6c6576656c5f73657373696f6e7c733a353a2261646d696e223b696e736572745f6f6e5f73657373696f6e7c733a31393a22323031392d30322d30382031323a31373a3236223b6c6f676765645f696e7c623a313b),
('akgbrhq15cp8200e3tt7a0dd0bmsj0hm', '::1', 1552965887, 0x5f5f63695f6c6173745f726567656e65726174657c693a313535323936353838373b69645f73657373696f6e7c733a313a2232223b6e616d615f73657373696f6e7c733a353a2261646d696e223b666f746f5f73657373696f6e7c733a31383a224368727973616e7468656d756d342e6a7067223b68705f73657373696f6e7c733a343a2231313233223b656d61696c5f73657373696f6e7c733a31353a2261646d696e40676d61696c2e636f6d223b6c6f6b6173695f73657373696f6e7c4e3b6c6576656c5f73657373696f6e7c733a353a2261646d696e223b696e736572745f6f6e5f73657373696f6e7c733a31393a22323031392d30322d30382031323a31373a3236223b6c6f676765645f696e7c623a313b),
('g156gn34g1eqoqah3tffn8smf4603asq', '::1', 1552966253, 0x5f5f63695f6c6173745f726567656e65726174657c693a313535323936363235333b69645f73657373696f6e7c733a313a2232223b6e616d615f73657373696f6e7c733a353a2261646d696e223b666f746f5f73657373696f6e7c733a31383a224368727973616e7468656d756d342e6a7067223b68705f73657373696f6e7c733a343a2231313233223b656d61696c5f73657373696f6e7c733a31353a2261646d696e40676d61696c2e636f6d223b6c6f6b6173695f73657373696f6e7c4e3b6c6576656c5f73657373696f6e7c733a353a2261646d696e223b696e736572745f6f6e5f73657373696f6e7c733a31393a22323031392d30322d30382031323a31373a3236223b6c6f676765645f696e7c623a313b),
('7l55mftlqbhqmop13p3fhtne5ajkaokp', '::1', 1552967979, 0x5f5f63695f6c6173745f726567656e65726174657c693a313535323936373937393b69645f73657373696f6e7c733a313a2232223b6e616d615f73657373696f6e7c733a353a2261646d696e223b666f746f5f73657373696f6e7c733a31383a224368727973616e7468656d756d342e6a7067223b68705f73657373696f6e7c733a343a2231313233223b656d61696c5f73657373696f6e7c733a31353a2261646d696e40676d61696c2e636f6d223b6c6f6b6173695f73657373696f6e7c4e3b6c6576656c5f73657373696f6e7c733a353a2261646d696e223b696e736572745f6f6e5f73657373696f6e7c733a31393a22323031392d30322d30382031323a31373a3236223b6c6f676765645f696e7c623a313b),
('v56lg3of3fc8efhhcu4imsch26cb8cg9', '::1', 1552968849, 0x5f5f63695f6c6173745f726567656e65726174657c693a313535323936383834393b69645f73657373696f6e7c733a313a2232223b6e616d615f73657373696f6e7c733a353a2261646d696e223b666f746f5f73657373696f6e7c733a31383a224368727973616e7468656d756d342e6a7067223b68705f73657373696f6e7c733a343a2231313233223b656d61696c5f73657373696f6e7c733a31353a2261646d696e40676d61696c2e636f6d223b6c6f6b6173695f73657373696f6e7c4e3b6c6576656c5f73657373696f6e7c733a353a2261646d696e223b696e736572745f6f6e5f73657373696f6e7c733a31393a22323031392d30322d30382031323a31373a3236223b6c6f676765645f696e7c623a313b),
('d97fde2fii0anr7vc8dj8cmt49okaoku', '::1', 1552968853, 0x5f5f63695f6c6173745f726567656e65726174657c693a313535323936383835333b),
('th37haqre2tbfkjfrj5rh8aqkid5jsg2', '::1', 1553011767, 0x5f5f63695f6c6173745f726567656e65726174657c693a313535333031313736373b),
('3c8u8duhmtjtf6iv44gjj17pl02ahp3a', '::1', 1553012391, 0x5f5f63695f6c6173745f726567656e65726174657c693a313535333031323339313b),
('409jhkmpoe49hadat3v9rml3k9g93ag4', '::1', 1553015639, 0x5f5f63695f6c6173745f726567656e65726174657c693a313535333031353633393b),
('97gp7tg3di1ssaa9samur9hvuhuh2t3b', '::1', 1553016004, 0x5f5f63695f6c6173745f726567656e65726174657c693a313535333031363030343b),
('o8kcdl698b9qj0r1nvug1eqrcekk72sf', '::1', 1553016529, 0x5f5f63695f6c6173745f726567656e65726174657c693a313535333031363532393b),
('re2s5otulgmlu37gbmp1l89aoium2hjr', '::1', 1553017233, 0x5f5f63695f6c6173745f726567656e65726174657c693a313535333031373233333b),
('v5fdemmlhq5g3t1eh2ks3iicrn87o847', '::1', 1553017262, 0x5f5f63695f6c6173745f726567656e65726174657c693a313535333031373233333b),
('37c1goemcj8ep85b3pchtq4endvmda5k', '::1', 1553056273, 0x5f5f63695f6c6173745f726567656e65726174657c693a313535333035363033303b69645f73657373696f6e7c733a313a2232223b6e616d615f73657373696f6e7c733a353a2261646d696e223b666f746f5f73657373696f6e7c733a31383a224368727973616e7468656d756d342e6a7067223b68705f73657373696f6e7c733a343a2231313233223b656d61696c5f73657373696f6e7c733a31353a2261646d696e40676d61696c2e636f6d223b6c6f6b6173695f73657373696f6e7c4e3b6c6576656c5f73657373696f6e7c733a353a2261646d696e223b696e736572745f6f6e5f73657373696f6e7c733a31393a22323031392d30322d30382031323a31373a3236223b6c6f676765645f696e7c623a313b);

-- --------------------------------------------------------

--
-- Table structure for table `coverage`
--

CREATE TABLE `coverage` (
  `id_coverage` int(11) NOT NULL,
  `idpropinsi_coverage` int(11) NOT NULL,
  `idkota_coverage` int(11) NOT NULL,
  `idkecamatan_coverage` int(11) NOT NULL
) ENGINE=InnoDB DEFAULT CHARSET=latin1;

--
-- Dumping data for table `coverage`
--

INSERT INTO `coverage` (`id_coverage`, `idpropinsi_coverage`, `idkota_coverage`, `idkecamatan_coverage`) VALUES
(1, 1, 1, 1),
(2, 1, 1, 2),
(3, 1, 2, 3);

-- --------------------------------------------------------

--
-- Table structure for table `kategori`
--

CREATE TABLE `kategori` (
  `id_kategori` int(11) NOT NULL,
  `nama_kategori` varchar(100) NOT NULL
) ENGINE=InnoDB DEFAULT CHARSET=latin1;

--
-- Dumping data for table `kategori`
--

INSERT INTO `kategori` (`id_kategori`, `nama_kategori`) VALUES
(1, 'Ular'),
(2, 'Katak'),
(3, 'Kura-Kura'),
(4, 'Kadal'),
(5, 'Accessories'),
(6, 'Serangga');

-- --------------------------------------------------------

--
-- Table structure for table `personal`
--

CREATE TABLE `personal` (
  `id_personal` int(11) NOT NULL,
  `nama_personal` varchar(255) DEFAULT NULL,
  `foto_personal` varchar(255) DEFAULT NULL,
  `hp_personal` varchar(255) DEFAULT NULL,
  `email_personal` varchar(255) DEFAULT NULL,
  `lokasi_personal` varchar(255) NOT NULL,
  `level_personal` enum('admin','penjual') DEFAULT NULL,
  `password_personal` varchar(255) DEFAULT NULL,
  `password_log_personal` text,
  `insert_on` timestamp NULL DEFAULT CURRENT_TIMESTAMP,
  `update_on` datetime DEFAULT NULL ON UPDATE CURRENT_TIMESTAMP,
  `delete_on` datetime DEFAULT NULL
) ENGINE=InnoDB DEFAULT CHARSET=utf8;

--
-- Dumping data for table `personal`
--

INSERT INTO `personal` (`id_personal`, `nama_personal`, `foto_personal`, `hp_personal`, `email_personal`, `lokasi_personal`, `level_personal`, `password_personal`, `password_log_personal`, `insert_on`, `update_on`, `delete_on`) VALUES
(1, 'coba', 'Desert.jpg', '2222', 'coba@mail.com', '', 'admin', 'asdf', NULL, '2019-02-07 01:30:25', '2019-02-08 21:35:09', NULL),
(2, 'admin', 'Chrysanthemum4.jpg', '1123', 'admin@gmail.com', '', 'admin', 'asdf', NULL, '2019-02-08 05:17:26', '2019-02-08 20:24:25', NULL),
(3, 'pulung', '14.png', '081', 'pulung@gmail.com', '', 'admin', 'asdf', NULL, '2019-02-10 05:29:37', '2019-02-10 20:15:13', NULL),
(4, 'bayu', NULL, '081222333444', 'bayu@mail.com', 'Gunung Kidul', 'penjual', 'asdf', NULL, '2019-02-23 02:41:50', '2019-02-25 21:00:13', NULL),
(5, 'Endra Setiawan ', 'avatar51.png', '111222333444', 'endra@mail.com', 'Bantul', 'penjual', 'asdf', NULL, '2019-03-05 19:09:41', NULL, NULL);

-- --------------------------------------------------------

--
-- Table structure for table `pesan`
--

CREATE TABLE `pesan` (
  `id_pesan` int(11) NOT NULL,
  `datetime_pesan` timestamp NOT NULL DEFAULT CURRENT_TIMESTAMP,
  `nama_pesan` varchar(255) DEFAULT NULL,
  `email_pesan` varchar(255) DEFAULT NULL,
  `judul_pesan` varchar(255) DEFAULT NULL,
  `isi_pesan` text
) ENGINE=InnoDB DEFAULT CHARSET=utf8;

--
-- Dumping data for table `pesan`
--

INSERT INTO `pesan` (`id_pesan`, `datetime_pesan`, `nama_pesan`, `email_pesan`, `judul_pesan`, `isi_pesan`) VALUES
(1, '2019-01-03 12:46:34', 'Zamah Sari', 'zamahsari@umm.ac.id', 'Percobaan', 'pesan percobaan 1'),
(2, '2019-01-03 12:47:09', 'Zamah Sari', 'zamahsari@umm.ac.id', 'Percobaan 2', 'Pesan percobaan 2'),
(3, '2019-01-04 08:56:47', 'Helmiwati', 'helmiwati@gmail.com', 'Percobaan 3', 'ini pesan percobaan'),
(4, '2019-01-04 23:45:56', 'Zamah Sari', 'zamahsari@umm.ac.id', 'Percobaan 3', 'Pesan percobaan 3'),
(5, '2019-01-04 23:45:57', 'Helmiwati', 'helmiwati@gmail.com', 'Percobaan 4', 'ini pesan percobaan'),
(6, '2019-01-04 23:46:09', 'Zamah Sari', 'zamahsari@umm.ac.id', 'Percobaan 4', 'Pesan percobaan 4'),
(7, '2019-01-04 23:46:47', 'Zamah Sari', 'zamahsari@umm.ac.id', 'Percobaan 5', 'Pesan percobaan 5'),
(8, '2019-01-04 23:47:01', 'Zamah Sari', 'zamahsari@umm.ac.id', 'Percobaan 6', 'Pesan percobaan 6'),
(9, '2019-01-04 23:47:17', 'Helmiwati', 'helmiwati@gmail.com', 'Percobaan 5', 'ini pesan percobaan'),
(10, '2019-01-04 23:47:43', 'Helmiwati', 'helmiwati@gmail.com', 'Percobaan 6', 'ini pesan percobaan'),
(11, '2019-01-04 23:47:46', 'Helmiwati', 'helmiwati@gmail.com', 'Percobaan 7', 'ini pesan percobaan'),
(12, '2019-01-04 23:47:48', 'Helmiwati', 'helmiwati@gmail.com', 'Percobaan 8', 'ini pesan percobaan'),
(13, '2019-01-04 23:47:52', 'Helmiwati', 'helmiwati@gmail.com', 'Percobaan 9', 'ini pesan percobaan');

-- --------------------------------------------------------

--
-- Table structure for table `subkategori`
--

CREATE TABLE `subkategori` (
  `id_subkategori` int(11) NOT NULL,
  `nama_subkategori` varchar(100) NOT NULL,
  `idkategori_subkategori` int(11) NOT NULL
) ENGINE=InnoDB DEFAULT CHARSET=latin1;

--
-- Dumping data for table `subkategori`
--

INSERT INTO `subkategori` (`id_subkategori`, `nama_subkategori`, `idkategori_subkategori`) VALUES
(1, 'Acrochordidae', 1),
(2, 'Aniliidae', 1),
(3, 'Anomochilidae', 1),
(4, 'Boidae', 1),
(5, 'Bolyeriidae', 1),
(6, 'Colubridae', 1),
(7, 'Cylindrophiidae', 1),
(8, 'Elapidae', 1),
(9, 'Homalopsidae', 1),
(10, 'Hydrophiidae', 1),
(11, 'Lamprophiidae', 1),
(12, 'Loxocemidae', 1),
(13, 'Natricidae', 1),
(14, 'Pareatidae', 1),
(15, 'Pseudoxenodontidae', 1),
(16, 'Pythonidae', 1),
(17, 'Tropidophiidae', 1),
(18, 'Uropeltidae', 1),
(19, 'Viperidae', 1),
(20, 'Xenodontidae', 1),
(21, 'Xenopeltidae', 1),
(22, 'Typhlopidae', 1),
(23, 'Megophrys montana', 2),
(24, 'Leptobrachium hasseltii', 2),
(25, 'B. melanostictus', 2),
(26, 'Rana erythraea', 2),
(27, 'Ingerophrynus biporcatus', 2),
(28, 'Limnonectes kuhlii', 2),
(29, 'Microhyla achatina', 2),
(30, 'Polypedates leucomystax', 2),
(31, 'Fejervarya limnocharis', 2),
(32, 'Bufo asper', 2),
(33, 'Pyxicephalus adspersus', 2),
(34, 'Ceratophryidae', 2),
(35, 'African Spurred Tortoise', 3),
(36, 'Aldabra Tortoise', 3),
(37, 'Alligator Snapping', 3),
(38, 'Asian Forest Tortoise', 3),
(39, 'Cherry Head Tortoise', 3),
(40, 'Cuora amboinensis', 3),
(41, 'Forstens Tortoise', 3),
(42, 'Indian Star Tortoise', 3),
(43, 'Leopard Tortoise', 3),
(44, 'Radiated Tortoise', 3),
(45, 'Trachemys scripta elegans', 3),
(46, 'Gecko', 4),
(47, 'Crested Gecko', 4),
(48, 'African fat-tailed gecko', 4),
(49, 'Bearded Dragon', 4),
(50, 'Spiny-tailed Monitor', 4),
(51, 'Blue Tongued Skinks', 4),
(52, 'Green Anole', 4),
(53, 'Iguana', 4),
(54, 'Savannah Monitor', 4),
(55, 'Tegu', 4),
(56, 'Chinese Water Dragon', 4),
(57, 'Red-headed agama', 4),
(58, 'Spiny-tailed lizards', 4),
(59, 'Frilled-neck lizard', 4),
(60, 'Australian water dragon', 4),
(61, 'Chameleon', 4),
(62, 'Giant Day Gecko', 4),
(63, 'Golden Gecko', 4),
(64, 'Armadillo Lizard', 4),
(65, 'Varanus', 4),
(66, 'Venomous Lizard', 4),
(67, 'GEX', 5),
(68, 'Makanan', 5),
(69, 'Dekorasi', 5),
(70, 'Alas Kandang', 5),
(71, 'Lampu', 5),
(72, 'Tarantula', 6),
(73, 'Kalajengking', 6),
(74, 'Orchid Mantis', 6),
(76, 'Kelabang', 6);

-- --------------------------------------------------------

--
-- Stand-in structure for view `v_barang_personal`
--
CREATE TABLE `v_barang_personal` (
`id_barang` int(11)
,`nama_barang` varchar(100)
,`idsubkategori_barang` int(11)
,`id_personal` int(11)
,`nama_personal` varchar(255)
,`foto_personal` varchar(255)
,`hp_personal` varchar(255)
,`lokasi_personal` varchar(255)
);

-- --------------------------------------------------------

--
-- Stand-in structure for view `v_kategori_subkategori`
--
CREATE TABLE `v_kategori_subkategori` (
`id_kategori` int(11)
,`nama_kategori` varchar(100)
,`id_subkategori` int(11)
,`nama_subkategori` varchar(100)
);

-- --------------------------------------------------------

--
-- Structure for view `v_barang_personal`
--
DROP TABLE IF EXISTS `v_barang_personal`;

CREATE ALGORITHM=TEMPTABLE DEFINER=`root`@`localhost` SQL SECURITY DEFINER VIEW `v_barang_personal`  AS  select `barang`.`id_barang` AS `id_barang`,`barang`.`nama_barang` AS `nama_barang`,`barang`.`idsubkategori_barang` AS `idsubkategori_barang`,`personal`.`id_personal` AS `id_personal`,`personal`.`nama_personal` AS `nama_personal`,`personal`.`foto_personal` AS `foto_personal`,`personal`.`hp_personal` AS `hp_personal`,`personal`.`lokasi_personal` AS `lokasi_personal` from (`personal` left join `barang` on((`barang`.`idpersonal_barang` = `personal`.`id_personal`))) ;

-- --------------------------------------------------------

--
-- Structure for view `v_kategori_subkategori`
--
DROP TABLE IF EXISTS `v_kategori_subkategori`;

CREATE ALGORITHM=TEMPTABLE DEFINER=`root`@`localhost` SQL SECURITY DEFINER VIEW `v_kategori_subkategori`  AS  select `kategori`.`id_kategori` AS `id_kategori`,`kategori`.`nama_kategori` AS `nama_kategori`,`subkategori`.`id_subkategori` AS `id_subkategori`,`subkategori`.`nama_subkategori` AS `nama_subkategori` from (`kategori` left join `subkategori` on((`subkategori`.`idkategori_subkategori` = `kategori`.`id_kategori`))) ;

--
-- Indexes for dumped tables
--

--
-- Indexes for table `artikel`
--
ALTER TABLE `artikel`
  ADD PRIMARY KEY (`id_artikel`);

--
-- Indexes for table `barang`
--
ALTER TABLE `barang`
  ADD PRIMARY KEY (`id_barang`);

--
-- Indexes for table `kategori`
--
ALTER TABLE `kategori`
  ADD PRIMARY KEY (`id_kategori`);

--
-- Indexes for table `personal`
--
ALTER TABLE `personal`
  ADD PRIMARY KEY (`id_personal`);

--
-- Indexes for table `pesan`
--
ALTER TABLE `pesan`
  ADD PRIMARY KEY (`id_pesan`);

--
-- Indexes for table `subkategori`
--
ALTER TABLE `subkategori`
  ADD PRIMARY KEY (`id_subkategori`);

--
-- AUTO_INCREMENT for dumped tables
--

--
-- AUTO_INCREMENT for table `artikel`
--
ALTER TABLE `artikel`
  MODIFY `id_artikel` int(11) NOT NULL AUTO_INCREMENT, AUTO_INCREMENT=3;
--
-- AUTO_INCREMENT for table `barang`
--
ALTER TABLE `barang`
  MODIFY `id_barang` int(11) NOT NULL AUTO_INCREMENT, AUTO_INCREMENT=3;
--
-- AUTO_INCREMENT for table `kategori`
--
ALTER TABLE `kategori`
  MODIFY `id_kategori` int(11) NOT NULL AUTO_INCREMENT, AUTO_INCREMENT=7;
--
-- AUTO_INCREMENT for table `personal`
--
ALTER TABLE `personal`
  MODIFY `id_personal` int(11) NOT NULL AUTO_INCREMENT, AUTO_INCREMENT=6;
--
-- AUTO_INCREMENT for table `pesan`
--
ALTER TABLE `pesan`
  MODIFY `id_pesan` int(11) NOT NULL AUTO_INCREMENT, AUTO_INCREMENT=14;
--
-- AUTO_INCREMENT for table `subkategori`
--
ALTER TABLE `subkategori`
  MODIFY `id_subkategori` int(11) NOT NULL AUTO_INCREMENT, AUTO_INCREMENT=77;
/*!40101 SET CHARACTER_SET_CLIENT=@OLD_CHARACTER_SET_CLIENT */;
/*!40101 SET CHARACTER_SET_RESULTS=@OLD_CHARACTER_SET_RESULTS */;
/*!40101 SET COLLATION_CONNECTION=@OLD_COLLATION_CONNECTION */;
