-- phpMyAdmin SQL Dump
-- version 4.5.4.1
-- http://www.phpmyadmin.net
--
-- Host: localhost
-- Generation Time: Apr 04, 2019 at 05:17 AM
-- Server version: 5.7.11
-- PHP Version: 7.0.3

SET SQL_MODE = "NO_AUTO_VALUE_ON_ZERO";
SET time_zone = "+00:00";


/*!40101 SET @OLD_CHARACTER_SET_CLIENT=@@CHARACTER_SET_CLIENT */;
/*!40101 SET @OLD_CHARACTER_SET_RESULTS=@@CHARACTER_SET_RESULTS */;
/*!40101 SET @OLD_COLLATION_CONNECTION=@@COLLATION_CONNECTION */;
/*!40101 SET NAMES utf8mb4 */;

--
-- Database: `toko_reptil`
--

-- --------------------------------------------------------

--
-- Table structure for table `artikel`
--

CREATE TABLE `artikel` (
  `id_artikel` int(11) NOT NULL,
  `judul_artikel` varchar(255) NOT NULL,
  `isi_artikel` text NOT NULL,
  `penulis_artikel` varchar(255) NOT NULL,
  `kategori_artikel` varchar(255) NOT NULL,
  `gambar_artikel` varchar(255) NOT NULL,
  `sumber_artikel` varchar(255) NOT NULL,
  `tanggal_artikel` date NOT NULL,
  `insert_on` timestamp NOT NULL DEFAULT CURRENT_TIMESTAMP ON UPDATE CURRENT_TIMESTAMP,
  `update_on` timestamp NOT NULL DEFAULT CURRENT_TIMESTAMP
) ENGINE=InnoDB DEFAULT CHARSET=latin1;

--
-- Dumping data for table `artikel`
--

INSERT INTO `artikel` (`id_artikel`, `judul_artikel`, `isi_artikel`, `penulis_artikel`, `kategori_artikel`, `gambar_artikel`, `sumber_artikel`, `tanggal_artikel`, `insert_on`, `update_on`) VALUES
(1, 'Iguana', 'Iguana adalah marga kadal yang hidup di daerah tropis Amerika Tengah, Amerika Selatan, dan kepulauan Karibia. Kadal-kadal ini dideskripsikan pertama kali oleh seorang ahli hewan berkebangsaan Austria, Josephus Nicolaus Laurenti pada tahun 1768. Sejauh ini, genus Iguana hanya terdiri dari dua spesies, yaitu iguana hijau (Iguana iguana) dan iguana Antilles Kecil (Iguana delicatissima).\r\n\r\nIstilah "iguana" diketahui kemungkinan berasal dari bahasa Taino (salah satu suku asli Amerika) yaitu "iwana" yang juga merujuk pada kadal-kadal ini.\r\n\r\nPanjang tubuh iguana antara 1.5 meter hingga 1.8 meter, termasuk panjang ekor. Ciri khas dari iguana adalah memiliki jambul (seperti pada ayam jantan) di bawah rahang mereka, serta deretan sisik membentuk duri besar di tubuh bagian atasnya, yang berjejer dari leher hingga pangkal ekor. Selain itu, iguana juga memiliki organ tubuh mirip mata pada bagian atas kepalanya. Organ tersebut berfungsi untuk menganalisis cahaya di sekitarnya. Warna tubuh iguana bervariasi, mulai dari hijau terang, hijau kecokelatan, hijau lumut, hijau kekuningan atau keabu-abuan, atau cokelat karamel. Ekor iguana berwarna sama dengan tubuh dan dihiasi dengan belang belang hitam atau gelap dari pangkal hingga ujung.\r\n\r\nIguana telah beradaptasi dengan baik sebagai kadal pohon dan kadal pemakan tumbuhan (herbivora). Akan tetapi, mereka tetap memerlukan nutrisi hewani, biasanya dengan memakan serangga kecil yang ada di tumbuhan yang mereka makan.', 'admin', 'Pengetahuan', '796px-St_Thomas_Marriott_Iguana_9_cropped3.jpg', 'https://id.wikipedia.org/wiki/Iguana', '2019-04-01', '2019-04-01 12:34:06', '2019-03-13 05:21:04'),
(2, 'Tarantula', '<p><strong>Tarantula</strong> adalah nama yang diberikan untuk salah satu jenis laba-laba dengan ukuran sangat besar yang umumnya berbulu. Laba-laba ini masuk pada famili Theraphosidae dan paling tidak ada sekitar 800 spesies yang telah berhasil diidentifikasi. Sebagian besar spesies tarantula tidak berbahaya untuk manusia, dan beberapa jenis spesies lainnya menjadi terkenal karena diperdagangkan sebagai hewan peliharaaan eksotik.&nbsp; Tarantula dapat menggigit, karena seperti laba-laba pada umumnya tarantula memiliki taring dan gigitannya dikenal menyakitkan untuk manusia, namun racun dalam gigitannya lebih lemah daripada racun yang terdapat pada lebah madu pada umumnya dan gigitannya diketahui lebih sakit dari sengatan tawon.Nama tarantula berasal dari satu kota di Italia yaitu Taranto</p>', 'coba', 'Pengetahuan', 'Penguins.jpg', 'https://id.wikipedia.org/wiki/Tarantula', '2019-04-01', '2019-04-03 04:14:46', '2019-03-15 03:20:46');

-- --------------------------------------------------------

--
-- Table structure for table `barang`
--

CREATE TABLE `barang` (
  `id_barang` int(11) NOT NULL,
  `nama_barang` varchar(100) NOT NULL,
  `harga_barang` int(11) NOT NULL,
  `keterangan_barang` varchar(255) NOT NULL,
  `gambar1_barang` varchar(255) NOT NULL,
  `gambar2_barang` varchar(255) NOT NULL,
  `gambar3_barang` varchar(255) NOT NULL,
  `idkategori_barang` int(11) NOT NULL,
  `idpersonal_barang` int(11) NOT NULL,
  `status_barang` enum('PENDING','OK') NOT NULL
) ENGINE=InnoDB DEFAULT CHARSET=latin1;

--
-- Dumping data for table `barang`
--

INSERT INTO `barang` (`id_barang`, `nama_barang`, `harga_barang`, `keterangan_barang`, `gambar1_barang`, `gambar2_barang`, `gambar3_barang`, `idkategori_barang`, `idpersonal_barang`, `status_barang`) VALUES
(1, 'Blue Insularis', 300000, '<p>Berbahaya</p>', 'Chrysanthemum1.jpg', 'Desert1.jpg', 'Hydrangeas1.jpg', 1, 5, 'OK'),
(2, 'Kura-kura', 300000, '<p>Sangat cocok untuk pemula, karakter jinak</p>', 'Koala1.jpg', 'Lighthouse1.jpg', 'Penguins1.jpg', 1, 4, 'PENDING'),
(3, 'Pacman', 300000, '<p>Katak cantik, Karakter Jinak jumppy</p>', 'pacman2.jpg', 'Cara_Memelihara_Kodok_Pacman.jpg', 'images.jpg', 2, 5, 'OK');

-- --------------------------------------------------------

--
-- Table structure for table `ci_sessions`
--

CREATE TABLE `ci_sessions` (
  `id` varchar(128) NOT NULL,
  `ip_address` varchar(45) NOT NULL,
  `timestamp` int(10) UNSIGNED NOT NULL DEFAULT '0',
  `data` blob NOT NULL
) ENGINE=InnoDB DEFAULT CHARSET=utf8;

--
-- Dumping data for table `ci_sessions`
--

INSERT INTO `ci_sessions` (`id`, `ip_address`, `timestamp`, `data`) VALUES
('n01mgpka9ococ81tfeqd25815a0nkkqp', '::1', 1554121903, 0x5f5f63695f6c6173745f726567656e65726174657c693a313535343132313930333b),
('um6bb5v20c2g1hm0hreaoiampmqk015c', '::1', 1554122534, 0x5f5f63695f6c6173745f726567656e65726174657c693a313535343132323533343b69645f73657373696f6e7c733a313a2235223b6e616d615f73657373696f6e7c733a31353a22456e64726120536574696177616e20223b666f746f5f73657373696f6e7c733a31323a2261766174617235312e706e67223b68705f73657373696f6e7c733a31323a22313131323232333333343434223b656d61696c5f73657373696f6e7c733a31343a22656e647261406d61696c2e636f6d223b6c6f6b6173695f73657373696f6e7c4e3b6c6576656c5f73657373696f6e7c733a373a2270656e6a75616c223b696e736572745f6f6e5f73657373696f6e7c733a31393a22323031392d30332d30362030323a30393a3431223b6c6f676765645f696e7c623a313b),
('hvks16md0m8ib5i9443juerh86h287hr', '::1', 1554123131, 0x5f5f63695f6c6173745f726567656e65726174657c693a313535343132333133313b69645f73657373696f6e7c733a313a2235223b6e616d615f73657373696f6e7c733a31353a22456e64726120536574696177616e20223b666f746f5f73657373696f6e7c733a31323a2261766174617235312e706e67223b68705f73657373696f6e7c733a31323a22313131323232333333343434223b656d61696c5f73657373696f6e7c733a31343a22656e647261406d61696c2e636f6d223b6c6f6b6173695f73657373696f6e7c4e3b6c6576656c5f73657373696f6e7c733a373a2270656e6a75616c223b696e736572745f6f6e5f73657373696f6e7c733a31393a22323031392d30332d30362030323a30393a3431223b6c6f676765645f696e7c623a313b),
('ctpus72jipk8uejkl8j454pcbk7tbtj8', '::1', 1554123908, 0x5f5f63695f6c6173745f726567656e65726174657c693a313535343132333930383b69645f73657373696f6e7c733a313a2235223b6e616d615f73657373696f6e7c733a31353a22456e64726120536574696177616e20223b666f746f5f73657373696f6e7c733a31323a2261766174617235312e706e67223b68705f73657373696f6e7c733a31323a22313131323232333333343434223b656d61696c5f73657373696f6e7c733a31343a22656e647261406d61696c2e636f6d223b6c6f6b6173695f73657373696f6e7c4e3b6c6576656c5f73657373696f6e7c733a373a2270656e6a75616c223b696e736572745f6f6e5f73657373696f6e7c733a31393a22323031392d30332d30362030323a30393a3431223b6c6f676765645f696e7c623a313b),
('imjkkjjbj8bv2iaalusllm3fjhu47ssd', '::1', 1554124414, 0x5f5f63695f6c6173745f726567656e65726174657c693a313535343132343431343b69645f73657373696f6e7c733a313a2235223b6e616d615f73657373696f6e7c733a31353a22456e64726120536574696177616e20223b666f746f5f73657373696f6e7c733a31323a2261766174617235312e706e67223b68705f73657373696f6e7c733a31323a22313131323232333333343434223b656d61696c5f73657373696f6e7c733a31343a22656e647261406d61696c2e636f6d223b6c6f6b6173695f73657373696f6e7c4e3b6c6576656c5f73657373696f6e7c733a373a2270656e6a75616c223b696e736572745f6f6e5f73657373696f6e7c733a31393a22323031392d30332d30362030323a30393a3431223b6c6f676765645f696e7c623a313b),
('540srmj5iti99a457d3npn45ghi95edh', '::1', 1554124876, 0x5f5f63695f6c6173745f726567656e65726174657c693a313535343132343837363b69645f73657373696f6e7c733a313a2235223b6e616d615f73657373696f6e7c733a31353a22456e64726120536574696177616e20223b666f746f5f73657373696f6e7c733a31323a2261766174617235312e706e67223b68705f73657373696f6e7c733a31323a22313131323232333333343434223b656d61696c5f73657373696f6e7c733a31343a22656e647261406d61696c2e636f6d223b6c6f6b6173695f73657373696f6e7c4e3b6c6576656c5f73657373696f6e7c733a373a2270656e6a75616c223b696e736572745f6f6e5f73657373696f6e7c733a31393a22323031392d30332d30362030323a30393a3431223b6c6f676765645f696e7c623a313b),
('ebs5e21s356cje1apoun5sd88b1ctpid', '::1', 1554125185, 0x5f5f63695f6c6173745f726567656e65726174657c693a313535343132353138353b69645f73657373696f6e7c733a313a2235223b6e616d615f73657373696f6e7c733a31353a22456e64726120536574696177616e20223b666f746f5f73657373696f6e7c733a31323a2261766174617235312e706e67223b68705f73657373696f6e7c733a31323a22313131323232333333343434223b656d61696c5f73657373696f6e7c733a31343a22656e647261406d61696c2e636f6d223b6c6f6b6173695f73657373696f6e7c4e3b6c6576656c5f73657373696f6e7c733a373a2270656e6a75616c223b696e736572745f6f6e5f73657373696f6e7c733a31393a22323031392d30332d30362030323a30393a3431223b6c6f676765645f696e7c623a313b),
('h7raeqiasr6p73d96pfh13oja3getqs2', '::1', 1554125549, 0x5f5f63695f6c6173745f726567656e65726174657c693a313535343132353534393b69645f73657373696f6e7c733a313a2235223b6e616d615f73657373696f6e7c733a31353a22456e64726120536574696177616e20223b666f746f5f73657373696f6e7c733a31323a2261766174617235312e706e67223b68705f73657373696f6e7c733a31323a22313131323232333333343434223b656d61696c5f73657373696f6e7c733a31343a22656e647261406d61696c2e636f6d223b6c6f6b6173695f73657373696f6e7c4e3b6c6576656c5f73657373696f6e7c733a373a2270656e6a75616c223b696e736572745f6f6e5f73657373696f6e7c733a31393a22323031392d30332d30362030323a30393a3431223b6c6f676765645f696e7c623a313b),
('j4ijudo65bpfd1ep8tgfcbi7ropq36v1', '::1', 1554126266, 0x5f5f63695f6c6173745f726567656e65726174657c693a313535343132363236363b69645f73657373696f6e7c733a313a2235223b6e616d615f73657373696f6e7c733a31353a22456e64726120536574696177616e20223b666f746f5f73657373696f6e7c733a31323a2261766174617235312e706e67223b68705f73657373696f6e7c733a31323a22313131323232333333343434223b656d61696c5f73657373696f6e7c733a31343a22656e647261406d61696c2e636f6d223b6c6f6b6173695f73657373696f6e7c4e3b6c6576656c5f73657373696f6e7c733a373a2270656e6a75616c223b696e736572745f6f6e5f73657373696f6e7c733a31393a22323031392d30332d30362030323a30393a3431223b6c6f676765645f696e7c623a313b),
('oi16nelppossjmtfbe0fetvcf58qmpvk', '::1', 1554126579, 0x5f5f63695f6c6173745f726567656e65726174657c693a313535343132363537393b69645f73657373696f6e7c733a313a2235223b6e616d615f73657373696f6e7c733a31353a22456e64726120536574696177616e20223b666f746f5f73657373696f6e7c733a31323a2261766174617235312e706e67223b68705f73657373696f6e7c733a31323a22313131323232333333343434223b656d61696c5f73657373696f6e7c733a31343a22656e647261406d61696c2e636f6d223b6c6f6b6173695f73657373696f6e7c4e3b6c6576656c5f73657373696f6e7c733a373a2270656e6a75616c223b696e736572745f6f6e5f73657373696f6e7c733a31393a22323031392d30332d30362030323a30393a3431223b6c6f676765645f696e7c623a313b),
('ojdp54kfcoqnlrhpo5b7q5cjole89dql', '::1', 1554126976, 0x5f5f63695f6c6173745f726567656e65726174657c693a313535343132363937363b69645f73657373696f6e7c733a313a2235223b6e616d615f73657373696f6e7c733a31353a22456e64726120536574696177616e20223b666f746f5f73657373696f6e7c733a31323a2261766174617235312e706e67223b68705f73657373696f6e7c733a31323a22313131323232333333343434223b656d61696c5f73657373696f6e7c733a31343a22656e647261406d61696c2e636f6d223b6c6f6b6173695f73657373696f6e7c4e3b6c6576656c5f73657373696f6e7c733a373a2270656e6a75616c223b696e736572745f6f6e5f73657373696f6e7c733a31393a22323031392d30332d30362030323a30393a3431223b6c6f676765645f696e7c623a313b),
('dl76rvq9c3hpp16fjv3dnhg2lmda6gaq', '::1', 1554128745, 0x5f5f63695f6c6173745f726567656e65726174657c693a313535343132383734353b69645f73657373696f6e7c733a313a2235223b6e616d615f73657373696f6e7c733a31353a22456e64726120536574696177616e20223b666f746f5f73657373696f6e7c733a31323a2261766174617235312e706e67223b68705f73657373696f6e7c733a31323a22313131323232333333343434223b656d61696c5f73657373696f6e7c733a31343a22656e647261406d61696c2e636f6d223b6c6f6b6173695f73657373696f6e7c4e3b6c6576656c5f73657373696f6e7c733a373a2270656e6a75616c223b696e736572745f6f6e5f73657373696f6e7c733a31393a22323031392d30332d30362030323a30393a3431223b6c6f676765645f696e7c623a313b),
('5t73sjnhas7hjphh0rn0ebjbp6pe126e', '::1', 1554129129, 0x5f5f63695f6c6173745f726567656e65726174657c693a313535343132393132393b69645f73657373696f6e7c733a313a2235223b6e616d615f73657373696f6e7c733a31353a22456e64726120536574696177616e20223b666f746f5f73657373696f6e7c733a31323a2261766174617235312e706e67223b68705f73657373696f6e7c733a31323a22313131323232333333343434223b656d61696c5f73657373696f6e7c733a31343a22656e647261406d61696c2e636f6d223b6c6f6b6173695f73657373696f6e7c4e3b6c6576656c5f73657373696f6e7c733a373a2270656e6a75616c223b696e736572745f6f6e5f73657373696f6e7c733a31393a22323031392d30332d30362030323a30393a3431223b6c6f676765645f696e7c623a313b),
('ohi5mfva77d3c0cesmgr5j2kc8i0gp9f', '::1', 1554129952, 0x5f5f63695f6c6173745f726567656e65726174657c693a313535343132393935323b69645f73657373696f6e7c733a313a2235223b6e616d615f73657373696f6e7c733a31353a22456e64726120536574696177616e20223b666f746f5f73657373696f6e7c733a31323a2261766174617235312e706e67223b68705f73657373696f6e7c733a31323a22313131323232333333343434223b656d61696c5f73657373696f6e7c733a31343a22656e647261406d61696c2e636f6d223b6c6f6b6173695f73657373696f6e7c4e3b6c6576656c5f73657373696f6e7c733a373a2270656e6a75616c223b696e736572745f6f6e5f73657373696f6e7c733a31393a22323031392d30332d30362030323a30393a3431223b6c6f676765645f696e7c623a313b),
('pier8d5njloi3qoivva1fdogsrsndip6', '::1', 1554130260, 0x5f5f63695f6c6173745f726567656e65726174657c693a313535343133303236303b69645f73657373696f6e7c733a313a2235223b6e616d615f73657373696f6e7c733a31353a22456e64726120536574696177616e20223b666f746f5f73657373696f6e7c733a31323a2261766174617235312e706e67223b68705f73657373696f6e7c733a31323a22313131323232333333343434223b656d61696c5f73657373696f6e7c733a31343a22656e647261406d61696c2e636f6d223b6c6f6b6173695f73657373696f6e7c4e3b6c6576656c5f73657373696f6e7c733a373a2270656e6a75616c223b696e736572745f6f6e5f73657373696f6e7c733a31393a22323031392d30332d30362030323a30393a3431223b6c6f676765645f696e7c623a313b),
('4c645rg9e0o5dnfs3cevg78iskh2leee', '::1', 1554130987, 0x5f5f63695f6c6173745f726567656e65726174657c693a313535343133303938373b69645f73657373696f6e7c733a313a2235223b6e616d615f73657373696f6e7c733a31353a22456e64726120536574696177616e20223b666f746f5f73657373696f6e7c733a31323a2261766174617235312e706e67223b68705f73657373696f6e7c733a31323a22313131323232333333343434223b656d61696c5f73657373696f6e7c733a31343a22656e647261406d61696c2e636f6d223b6c6f6b6173695f73657373696f6e7c4e3b6c6576656c5f73657373696f6e7c733a373a2270656e6a75616c223b696e736572745f6f6e5f73657373696f6e7c733a31393a22323031392d30332d30362030323a30393a3431223b6c6f676765645f696e7c623a313b),
('og7vv4ej91eor0i864s0vpii9d3c6m85', '::1', 1554131291, 0x5f5f63695f6c6173745f726567656e65726174657c693a313535343133313239313b69645f73657373696f6e7c733a313a2235223b6e616d615f73657373696f6e7c733a31353a22456e64726120536574696177616e20223b666f746f5f73657373696f6e7c733a31323a2261766174617235312e706e67223b68705f73657373696f6e7c733a31323a22313131323232333333343434223b656d61696c5f73657373696f6e7c733a31343a22656e647261406d61696c2e636f6d223b6c6f6b6173695f73657373696f6e7c4e3b6c6576656c5f73657373696f6e7c733a373a2270656e6a75616c223b696e736572745f6f6e5f73657373696f6e7c733a31393a22323031392d30332d30362030323a30393a3431223b6c6f676765645f696e7c623a313b),
('euuan10bk59cmpp598o2u5glhsa2dipg', '::1', 1554131394, 0x5f5f63695f6c6173745f726567656e65726174657c693a313535343133313239313b69645f73657373696f6e7c733a313a2235223b6e616d615f73657373696f6e7c733a31353a22456e64726120536574696177616e20223b666f746f5f73657373696f6e7c733a31323a2261766174617235312e706e67223b68705f73657373696f6e7c733a31323a22313131323232333333343434223b656d61696c5f73657373696f6e7c733a31343a22656e647261406d61696c2e636f6d223b6c6f6b6173695f73657373696f6e7c4e3b6c6576656c5f73657373696f6e7c733a373a2270656e6a75616c223b696e736572745f6f6e5f73657373696f6e7c733a31393a22323031392d30332d30362030323a30393a3431223b6c6f676765645f696e7c623a313b),
('j8o8otcfj8pdtol9nvhomrbpsu97445l', '::1', 1554158291, 0x5f5f63695f6c6173745f726567656e65726174657c693a313535343135383239313b),
('k5vvb76prd8vhbna1d89mf1kdguti4io', '::1', 1554159510, 0x5f5f63695f6c6173745f726567656e65726174657c693a313535343135393531303b69645f73657373696f6e7c733a313a2232223b6e616d615f73657373696f6e7c733a353a2261646d696e223b666f746f5f73657373696f6e7c733a31383a224368727973616e7468656d756d342e6a7067223b68705f73657373696f6e7c733a343a2231313233223b656d61696c5f73657373696f6e7c733a31353a2261646d696e40676d61696c2e636f6d223b6c6f6b6173695f73657373696f6e7c4e3b6c6576656c5f73657373696f6e7c733a353a2261646d696e223b696e736572745f6f6e5f73657373696f6e7c733a31393a22323031392d30322d30382031323a31373a3236223b6c6f676765645f696e7c623a313b),
('298h3ingen1c9fifd24gcdrsbs4oejgg', '::1', 1554158624, 0x5f5f63695f6c6173745f726567656e65726174657c693a313535343135383632343b),
('6t675ii7pul5khga2tbuvadte849uvc6', '::1', 1554159819, 0x5f5f63695f6c6173745f726567656e65726174657c693a313535343135393831393b69645f73657373696f6e7c733a313a2232223b6e616d615f73657373696f6e7c733a353a2261646d696e223b666f746f5f73657373696f6e7c733a31383a224368727973616e7468656d756d342e6a7067223b68705f73657373696f6e7c733a343a2231313233223b656d61696c5f73657373696f6e7c733a31353a2261646d696e40676d61696c2e636f6d223b6c6f6b6173695f73657373696f6e7c4e3b6c6576656c5f73657373696f6e7c733a353a2261646d696e223b696e736572745f6f6e5f73657373696f6e7c733a31393a22323031392d30322d30382031323a31373a3236223b6c6f676765645f696e7c623a313b),
('nt4b0q2a85sl9nu301lsmq36ia9k2f6b', '::1', 1554160304, 0x5f5f63695f6c6173745f726567656e65726174657c693a313535343136303330343b69645f73657373696f6e7c733a313a2235223b6e616d615f73657373696f6e7c733a31353a22456e64726120536574696177616e20223b666f746f5f73657373696f6e7c733a31323a2261766174617235312e706e67223b68705f73657373696f6e7c733a31323a22313131323232333333343434223b656d61696c5f73657373696f6e7c733a31343a22656e647261406d61696c2e636f6d223b6c6f6b6173695f73657373696f6e7c4e3b6c6576656c5f73657373696f6e7c733a373a2270656e6a75616c223b696e736572745f6f6e5f73657373696f6e7c733a31393a22323031392d30332d30362030323a30393a3431223b6c6f676765645f696e7c623a313b),
('2tsdajnfe4epb1m3l2f8a1m7io0qr6qe', '::1', 1554160761, 0x5f5f63695f6c6173745f726567656e65726174657c693a313535343136303736313b69645f73657373696f6e7c733a313a2235223b6e616d615f73657373696f6e7c733a31353a22456e64726120536574696177616e20223b666f746f5f73657373696f6e7c733a31323a2261766174617235312e706e67223b68705f73657373696f6e7c733a31323a22313131323232333333343434223b656d61696c5f73657373696f6e7c733a31343a22656e647261406d61696c2e636f6d223b6c6f6b6173695f73657373696f6e7c4e3b6c6576656c5f73657373696f6e7c733a373a2270656e6a75616c223b696e736572745f6f6e5f73657373696f6e7c733a31393a22323031392d30332d30362030323a30393a3431223b6c6f676765645f696e7c623a313b),
('u3e9i2f6rlpo18uojqmasp6n832o8nti', '::1', 1554161071, 0x5f5f63695f6c6173745f726567656e65726174657c693a313535343136313037313b69645f73657373696f6e7c733a313a2235223b6e616d615f73657373696f6e7c733a31353a22456e64726120536574696177616e20223b666f746f5f73657373696f6e7c733a31323a2261766174617235312e706e67223b68705f73657373696f6e7c733a31323a22313131323232333333343434223b656d61696c5f73657373696f6e7c733a31343a22656e647261406d61696c2e636f6d223b6c6f6b6173695f73657373696f6e7c4e3b6c6576656c5f73657373696f6e7c733a373a2270656e6a75616c223b696e736572745f6f6e5f73657373696f6e7c733a31393a22323031392d30332d30362030323a30393a3431223b6c6f676765645f696e7c623a313b),
('atppupcrdl429qtsk13o6cnifec49012', '::1', 1554161130, 0x5f5f63695f6c6173745f726567656e65726174657c693a313535343136313037313b69645f73657373696f6e7c733a313a2235223b6e616d615f73657373696f6e7c733a31353a22456e64726120536574696177616e20223b666f746f5f73657373696f6e7c733a31323a2261766174617235312e706e67223b68705f73657373696f6e7c733a31323a22313131323232333333343434223b656d61696c5f73657373696f6e7c733a31343a22656e647261406d61696c2e636f6d223b6c6f6b6173695f73657373696f6e7c4e3b6c6576656c5f73657373696f6e7c733a373a2270656e6a75616c223b696e736572745f6f6e5f73657373696f6e7c733a31393a22323031392d30332d30362030323a30393a3431223b6c6f676765645f696e7c623a313b),
('ifv6l839jqlnrno2kk6939q8hnlpoa3h', '::1', 1554184359, 0x5f5f63695f6c6173745f726567656e65726174657c693a313535343138343335393b),
('6k3lct9c5pbil983cjsh609c2jcami3d', '::1', 1554184689, 0x5f5f63695f6c6173745f726567656e65726174657c693a313535343138343638393b),
('9tu9pl2eprk7upvd2f8c6lf1kiei96vo', '::1', 1554184792, 0x5f5f63695f6c6173745f726567656e65726174657c693a313535343138343638393b),
('q9p489u3u235lva286dsc4liisp77r2t', '::1', 1554211117, 0x5f5f63695f6c6173745f726567656e65726174657c693a313535343231313131373b),
('gua6rgl96cn44b030cmrjdv7jj3q26f7', '::1', 1554211613, 0x5f5f63695f6c6173745f726567656e65726174657c693a313535343231313631333b),
('ofk9uj2id2k2pk2qip1qp2dg730d1kps', '::1', 1554212391, 0x5f5f63695f6c6173745f726567656e65726174657c693a313535343231323339313b),
('7srt514qlpv7ecnp63lgqik014miu0er', '::1', 1554212743, 0x5f5f63695f6c6173745f726567656e65726174657c693a313535343231323734333b),
('51lctre0nvmdu2kh9c32jt15r5eu2hvs', '::1', 1554213110, 0x5f5f63695f6c6173745f726567656e65726174657c693a313535343231333131303b),
('3867d73rhv5nc2jufnkdbhb78bo2uq8v', '::1', 1554216047, 0x5f5f63695f6c6173745f726567656e65726174657c693a313535343231363034373b),
('shd9335md68hktor1avlu2ihki0ln870', '::1', 1554216487, 0x5f5f63695f6c6173745f726567656e65726174657c693a313535343231363438373b),
('dbr8n32fnopqh7344pllh1ugepvjk162', '::1', 1554216812, 0x5f5f63695f6c6173745f726567656e65726174657c693a313535343231363831323b),
('iufq033qsb9o7hpdf6vqa4c7c0jnmi55', '::1', 1554217339, 0x5f5f63695f6c6173745f726567656e65726174657c693a313535343231373333393b),
('vbalk72qrtr6210cvgdv6qs2gclttptj', '::1', 1554219579, 0x5f5f63695f6c6173745f726567656e65726174657c693a313535343231393537393b),
('ook61ijctq2bfe6eagheubuccbgke2cj', '::1', 1554220221, 0x5f5f63695f6c6173745f726567656e65726174657c693a313535343232303232313b69645f73657373696f6e7c733a313a2235223b6e616d615f73657373696f6e7c733a31353a22456e64726120536574696177616e20223b666f746f5f73657373696f6e7c733a31323a2261766174617235312e706e67223b68705f73657373696f6e7c733a31323a22313131323232333333343434223b656d61696c5f73657373696f6e7c733a31343a22656e647261406d61696c2e636f6d223b6c6f6b6173695f73657373696f6e7c4e3b6c6576656c5f73657373696f6e7c733a373a2270656e6a75616c223b696e736572745f6f6e5f73657373696f6e7c733a31393a22323031392d30332d30362030323a30393a3431223b6c6f676765645f696e7c623a313b),
('le546uf15dbj201b80hqi31t7vo3nea8', '::1', 1554220531, 0x5f5f63695f6c6173745f726567656e65726174657c693a313535343232303533313b69645f73657373696f6e7c733a313a2235223b6e616d615f73657373696f6e7c733a31353a22456e64726120536574696177616e20223b666f746f5f73657373696f6e7c733a31323a2261766174617235312e706e67223b68705f73657373696f6e7c733a31323a22313131323232333333343434223b656d61696c5f73657373696f6e7c733a31343a22656e647261406d61696c2e636f6d223b6c6f6b6173695f73657373696f6e7c4e3b6c6576656c5f73657373696f6e7c733a373a2270656e6a75616c223b696e736572745f6f6e5f73657373696f6e7c733a31393a22323031392d30332d30362030323a30393a3431223b6c6f676765645f696e7c623a313b),
('lsd3hcr6i1duljfhen22d70jc1f38g4v', '::1', 1554220869, 0x5f5f63695f6c6173745f726567656e65726174657c693a313535343232303836393b69645f73657373696f6e7c733a313a2232223b6e616d615f73657373696f6e7c733a353a2261646d696e223b666f746f5f73657373696f6e7c733a31383a224368727973616e7468656d756d342e6a7067223b68705f73657373696f6e7c733a343a2231313233223b656d61696c5f73657373696f6e7c733a31353a2261646d696e40676d61696c2e636f6d223b6c6f6b6173695f73657373696f6e7c4e3b6c6576656c5f73657373696f6e7c733a353a2261646d696e223b696e736572745f6f6e5f73657373696f6e7c733a31393a22323031392d30322d30382031323a31373a3236223b6c6f676765645f696e7c623a313b),
('bmiqhjjfj7hr5p7b86vcitqui0c7urjj', '::1', 1554221193, 0x5f5f63695f6c6173745f726567656e65726174657c693a313535343232313139333b69645f73657373696f6e7c733a313a2232223b6e616d615f73657373696f6e7c733a353a2261646d696e223b666f746f5f73657373696f6e7c733a31383a224368727973616e7468656d756d342e6a7067223b68705f73657373696f6e7c733a343a2231313233223b656d61696c5f73657373696f6e7c733a31353a2261646d696e40676d61696c2e636f6d223b6c6f6b6173695f73657373696f6e7c4e3b6c6576656c5f73657373696f6e7c733a353a2261646d696e223b696e736572745f6f6e5f73657373696f6e7c733a31393a22323031392d30322d30382031323a31373a3236223b6c6f676765645f696e7c623a313b),
('81o43lel6sm9dkca2i6432hbf75qapjb', '::1', 1554221557, 0x5f5f63695f6c6173745f726567656e65726174657c693a313535343232313535373b69645f73657373696f6e7c733a313a2232223b6e616d615f73657373696f6e7c733a353a2261646d696e223b666f746f5f73657373696f6e7c733a31383a224368727973616e7468656d756d342e6a7067223b68705f73657373696f6e7c733a343a2231313233223b656d61696c5f73657373696f6e7c733a31353a2261646d696e40676d61696c2e636f6d223b6c6f6b6173695f73657373696f6e7c4e3b6c6576656c5f73657373696f6e7c733a353a2261646d696e223b696e736572745f6f6e5f73657373696f6e7c733a31393a22323031392d30322d30382031323a31373a3236223b6c6f676765645f696e7c623a313b),
('9coh0p3u9jkqd2oq62u6kg3nu1ksnrsk', '::1', 1554222319, 0x5f5f63695f6c6173745f726567656e65726174657c693a313535343232323331393b),
('jfnttablgrhoi0k94k4vkuomnfv14ouh', '::1', 1554222736, 0x5f5f63695f6c6173745f726567656e65726174657c693a313535343232323733363b),
('9pcjml7rul8pkc4e39hug0qnrqc7br18', '::1', 1554222736, 0x5f5f63695f6c6173745f726567656e65726174657c693a313535343232323733363b),
('0uagivra1dt1hl52qcuvd2qqfgm4bebb', '::1', 1554255151, 0x5f5f63695f6c6173745f726567656e65726174657c693a313535343235353135313b69645f73657373696f6e7c733a313a2232223b6e616d615f73657373696f6e7c733a353a2261646d696e223b666f746f5f73657373696f6e7c733a31383a224368727973616e7468656d756d342e6a7067223b68705f73657373696f6e7c733a343a2231313233223b656d61696c5f73657373696f6e7c733a31353a2261646d696e40676d61696c2e636f6d223b6c6f6b6173695f73657373696f6e7c4e3b6c6576656c5f73657373696f6e7c733a353a2261646d696e223b696e736572745f6f6e5f73657373696f6e7c733a31393a22323031392d30322d30382031323a31373a3236223b6c6f676765645f696e7c623a313b),
('bciof50lhodfmomqfbj0cc8r2c0rcr11', '::1', 1554257196, 0x5f5f63695f6c6173745f726567656e65726174657c693a313535343235373139363b69645f73657373696f6e7c733a313a2232223b6e616d615f73657373696f6e7c733a353a2261646d696e223b666f746f5f73657373696f6e7c733a31383a224368727973616e7468656d756d342e6a7067223b68705f73657373696f6e7c733a343a2231313233223b656d61696c5f73657373696f6e7c733a31353a2261646d696e40676d61696c2e636f6d223b6c6f6b6173695f73657373696f6e7c4e3b6c6576656c5f73657373696f6e7c733a353a2261646d696e223b696e736572745f6f6e5f73657373696f6e7c733a31393a22323031392d30322d30382031323a31373a3236223b6c6f676765645f696e7c623a313b),
('q6q8g74k0ba2e338i9an9hhoim0pqumr', '::1', 1554259556, 0x5f5f63695f6c6173745f726567656e65726174657c693a313535343235393535363b69645f73657373696f6e7c733a313a2232223b6e616d615f73657373696f6e7c733a353a2261646d696e223b666f746f5f73657373696f6e7c733a31383a224368727973616e7468656d756d342e6a7067223b68705f73657373696f6e7c733a343a2231313233223b656d61696c5f73657373696f6e7c733a31353a2261646d696e40676d61696c2e636f6d223b6c6f6b6173695f73657373696f6e7c4e3b6c6576656c5f73657373696f6e7c733a353a2261646d696e223b696e736572745f6f6e5f73657373696f6e7c733a31393a22323031392d30322d30382031323a31373a3236223b6c6f676765645f696e7c623a313b),
('ea2h6aijipumg873vo9vp6f86nasigs9', '::1', 1554260025, 0x5f5f63695f6c6173745f726567656e65726174657c693a313535343236303032353b69645f73657373696f6e7c733a313a2232223b6e616d615f73657373696f6e7c733a353a2261646d696e223b666f746f5f73657373696f6e7c733a31383a224368727973616e7468656d756d342e6a7067223b68705f73657373696f6e7c733a343a2231313233223b656d61696c5f73657373696f6e7c733a31353a2261646d696e40676d61696c2e636f6d223b6c6f6b6173695f73657373696f6e7c4e3b6c6576656c5f73657373696f6e7c733a353a2261646d696e223b696e736572745f6f6e5f73657373696f6e7c733a31393a22323031392d30322d30382031323a31373a3236223b6c6f676765645f696e7c623a313b),
('7didlvljctc5vn6538fcooa9te6v4ejm', '::1', 1554260429, 0x5f5f63695f6c6173745f726567656e65726174657c693a313535343236303432393b69645f73657373696f6e7c733a313a2232223b6e616d615f73657373696f6e7c733a353a2261646d696e223b666f746f5f73657373696f6e7c733a31383a224368727973616e7468656d756d342e6a7067223b68705f73657373696f6e7c733a343a2231313233223b656d61696c5f73657373696f6e7c733a31353a2261646d696e40676d61696c2e636f6d223b6c6f6b6173695f73657373696f6e7c4e3b6c6576656c5f73657373696f6e7c733a353a2261646d696e223b696e736572745f6f6e5f73657373696f6e7c733a31393a22323031392d30322d30382031323a31373a3236223b6c6f676765645f696e7c623a313b),
('v7pftdde7etfleca5uvuqo09d4addt4p', '::1', 1554260752, 0x5f5f63695f6c6173745f726567656e65726174657c693a313535343236303735323b69645f73657373696f6e7c733a313a2232223b6e616d615f73657373696f6e7c733a353a2261646d696e223b666f746f5f73657373696f6e7c733a31383a224368727973616e7468656d756d342e6a7067223b68705f73657373696f6e7c733a343a2231313233223b656d61696c5f73657373696f6e7c733a31353a2261646d696e40676d61696c2e636f6d223b6c6f6b6173695f73657373696f6e7c4e3b6c6576656c5f73657373696f6e7c733a353a2261646d696e223b696e736572745f6f6e5f73657373696f6e7c733a31393a22323031392d30322d30382031323a31373a3236223b6c6f676765645f696e7c623a313b),
('l9bu9oavqso22fj03rerdpigvbelafh1', '::1', 1554261793, 0x5f5f63695f6c6173745f726567656e65726174657c693a313535343236313739333b69645f73657373696f6e7c733a313a2235223b6e616d615f73657373696f6e7c733a31353a22456e64726120536574696177616e20223b666f746f5f73657373696f6e7c733a31323a2261766174617235312e706e67223b68705f73657373696f6e7c733a31323a22313131323232333333343434223b656d61696c5f73657373696f6e7c733a31343a22656e647261406d61696c2e636f6d223b6c6f6b6173695f73657373696f6e7c4e3b6c6576656c5f73657373696f6e7c733a373a2270656e6a75616c223b696e736572745f6f6e5f73657373696f6e7c733a31393a22323031392d30332d30362030323a30393a3431223b6c6f676765645f696e7c623a313b),
('11ds80bcouv1eria0gplfj81k93i42su', '::1', 1554262113, 0x5f5f63695f6c6173745f726567656e65726174657c693a313535343236323131333b69645f73657373696f6e7c733a313a2235223b6e616d615f73657373696f6e7c733a31353a22456e64726120536574696177616e20223b666f746f5f73657373696f6e7c733a31323a2261766174617235312e706e67223b68705f73657373696f6e7c733a31323a22313131323232333333343434223b656d61696c5f73657373696f6e7c733a31343a22656e647261406d61696c2e636f6d223b6c6f6b6173695f73657373696f6e7c4e3b6c6576656c5f73657373696f6e7c733a373a2270656e6a75616c223b696e736572745f6f6e5f73657373696f6e7c733a31393a22323031392d30332d30362030323a30393a3431223b6c6f676765645f696e7c623a313b),
('8edat842u5sgi8vcg1c813e2cr7paq39', '::1', 1554263405, 0x5f5f63695f6c6173745f726567656e65726174657c693a313535343236333430353b69645f73657373696f6e7c733a313a2232223b6e616d615f73657373696f6e7c733a353a2261646d696e223b666f746f5f73657373696f6e7c733a31383a224368727973616e7468656d756d342e6a7067223b68705f73657373696f6e7c733a343a2231313233223b656d61696c5f73657373696f6e7c733a31353a2261646d696e40676d61696c2e636f6d223b6c6f6b6173695f73657373696f6e7c4e3b6c6576656c5f73657373696f6e7c733a353a2261646d696e223b696e736572745f6f6e5f73657373696f6e7c733a31393a22323031392d30322d30382031323a31373a3236223b6c6f676765645f696e7c623a313b),
('5ts75f1831mafarn4k1ev82922icl681', '::1', 1554264677, 0x5f5f63695f6c6173745f726567656e65726174657c693a313535343236343637373b69645f73657373696f6e7c733a313a2232223b6e616d615f73657373696f6e7c733a353a2261646d696e223b666f746f5f73657373696f6e7c733a31383a224368727973616e7468656d756d342e6a7067223b68705f73657373696f6e7c733a343a2231313233223b656d61696c5f73657373696f6e7c733a31353a2261646d696e40676d61696c2e636f6d223b6c6f6b6173695f73657373696f6e7c4e3b6c6576656c5f73657373696f6e7c733a353a2261646d696e223b696e736572745f6f6e5f73657373696f6e7c733a31393a22323031392d30322d30382031323a31373a3236223b6c6f676765645f696e7c623a313b),
('g9mkr0r0uh56u72cjpd72256ef3mqh9p', '::1', 1554265109, 0x5f5f63695f6c6173745f726567656e65726174657c693a313535343236353130393b69645f73657373696f6e7c733a313a2232223b6e616d615f73657373696f6e7c733a353a2261646d696e223b666f746f5f73657373696f6e7c733a31383a224368727973616e7468656d756d342e6a7067223b68705f73657373696f6e7c733a343a2231313233223b656d61696c5f73657373696f6e7c733a31353a2261646d696e40676d61696c2e636f6d223b6c6f6b6173695f73657373696f6e7c4e3b6c6576656c5f73657373696f6e7c733a353a2261646d696e223b696e736572745f6f6e5f73657373696f6e7c733a31393a22323031392d30322d30382031323a31373a3236223b6c6f676765645f696e7c623a313b),
('1kut9isi7qbsgcplv4s8jtthp13s79cm', '::1', 1554265418, 0x5f5f63695f6c6173745f726567656e65726174657c693a313535343236353431383b69645f73657373696f6e7c733a313a2235223b6e616d615f73657373696f6e7c733a31353a22456e64726120536574696177616e20223b666f746f5f73657373696f6e7c733a31323a2261766174617235312e706e67223b68705f73657373696f6e7c733a31323a22313131323232333333343434223b656d61696c5f73657373696f6e7c733a31343a22656e647261406d61696c2e636f6d223b6c6f6b6173695f73657373696f6e7c4e3b6c6576656c5f73657373696f6e7c733a373a2270656e6a75616c223b696e736572745f6f6e5f73657373696f6e7c733a31393a22323031392d30332d30362030323a30393a3431223b6c6f676765645f696e7c623a313b),
('rcolkrijh1fukvfjiupfs98ia52277iv', '::1', 1554265502, 0x5f5f63695f6c6173745f726567656e65726174657c693a313535343236353431383b69645f73657373696f6e7c733a313a2235223b6e616d615f73657373696f6e7c733a31353a22456e64726120536574696177616e20223b666f746f5f73657373696f6e7c733a31323a2261766174617235312e706e67223b68705f73657373696f6e7c733a31323a22313131323232333333343434223b656d61696c5f73657373696f6e7c733a31343a22656e647261406d61696c2e636f6d223b6c6f6b6173695f73657373696f6e7c4e3b6c6576656c5f73657373696f6e7c733a373a2270656e6a75616c223b696e736572745f6f6e5f73657373696f6e7c733a31393a22323031392d30332d30362030323a30393a3431223b6c6f676765645f696e7c623a313b),
('8g98rfclf6suvpuo9k0uv036duuv0hal', '::1', 1554301743, 0x5f5f63695f6c6173745f726567656e65726174657c693a313535343330313734333b69645f73657373696f6e7c733a313a2232223b6e616d615f73657373696f6e7c733a353a2261646d696e223b666f746f5f73657373696f6e7c733a31383a224368727973616e7468656d756d342e6a7067223b68705f73657373696f6e7c733a343a2231313233223b656d61696c5f73657373696f6e7c733a31353a2261646d696e40676d61696c2e636f6d223b6c6f6b6173695f73657373696f6e7c4e3b6c6576656c5f73657373696f6e7c733a353a2261646d696e223b696e736572745f6f6e5f73657373696f6e7c733a31393a22323031392d30322d30382031323a31373a3236223b6c6f676765645f696e7c623a313b),
('7kv4qcef2q9qjp0i5jk9omumk7vv046t', '::1', 1554302193, 0x5f5f63695f6c6173745f726567656e65726174657c693a313535343330323139333b69645f73657373696f6e7c733a313a2235223b6e616d615f73657373696f6e7c733a31353a22456e64726120536574696177616e20223b666f746f5f73657373696f6e7c733a31323a2261766174617235312e706e67223b68705f73657373696f6e7c733a31323a22313131323232333333343434223b656d61696c5f73657373696f6e7c733a31343a22656e647261406d61696c2e636f6d223b6c6f6b6173695f73657373696f6e7c4e3b6c6576656c5f73657373696f6e7c733a373a2270656e6a75616c223b696e736572745f6f6e5f73657373696f6e7c733a31393a22323031392d30332d30362030323a30393a3431223b6c6f676765645f696e7c623a313b),
('jhevfral2g4gtijm087rvkbdkepntabj', '::1', 1554303060, 0x5f5f63695f6c6173745f726567656e65726174657c693a313535343330333036303b),
('oi927jbnngthpv7e5pim9up5d5qv4qd6', '::1', 1554304079, 0x5f5f63695f6c6173745f726567656e65726174657c693a313535343330343037393b),
('dfv18midalfdlvqikq3c88a25kg04u8k', '::1', 1554304381, 0x5f5f63695f6c6173745f726567656e65726174657c693a313535343330343338313b),
('12a5bh2ccml4pcdqrh0lcp9heqemtnto', '::1', 1554304733, 0x5f5f63695f6c6173745f726567656e65726174657c693a313535343330343733333b),
('p7oka08dr8nnrkq5t4nmclobgf86lmsh', '::1', 1554304733, 0x5f5f63695f6c6173745f726567656e65726174657c693a313535343330343733333b);

-- --------------------------------------------------------

--
-- Table structure for table `coverage`
--

CREATE TABLE `coverage` (
  `id_coverage` int(11) NOT NULL,
  `idpropinsi_coverage` int(11) NOT NULL,
  `idkota_coverage` int(11) NOT NULL,
  `idkecamatan_coverage` int(11) NOT NULL
) ENGINE=InnoDB DEFAULT CHARSET=latin1;

--
-- Dumping data for table `coverage`
--

INSERT INTO `coverage` (`id_coverage`, `idpropinsi_coverage`, `idkota_coverage`, `idkecamatan_coverage`) VALUES
(1, 1, 1, 1),
(2, 1, 1, 2),
(3, 1, 2, 3);

-- --------------------------------------------------------

--
-- Table structure for table `kategori`
--

CREATE TABLE `kategori` (
  `id_kategori` int(11) NOT NULL,
  `nama_kategori` varchar(100) NOT NULL
) ENGINE=InnoDB DEFAULT CHARSET=latin1;

--
-- Dumping data for table `kategori`
--

INSERT INTO `kategori` (`id_kategori`, `nama_kategori`) VALUES
(1, 'Ular'),
(2, 'Katak'),
(3, 'Kura-Kura'),
(4, 'Kadal'),
(5, 'Accessories'),
(6, 'Serangga');

-- --------------------------------------------------------

--
-- Table structure for table `personal`
--

CREATE TABLE `personal` (
  `id_personal` int(11) NOT NULL,
  `nama_personal` varchar(255) DEFAULT NULL,
  `foto_personal` varchar(255) DEFAULT NULL,
  `hp_personal` varchar(255) DEFAULT NULL,
  `email_personal` varchar(255) DEFAULT NULL,
  `lokasi_personal` varchar(255) NOT NULL,
  `level_personal` enum('admin','penjual') DEFAULT NULL,
  `password_personal` varchar(255) DEFAULT NULL,
  `password_log_personal` text,
  `insert_on` timestamp NULL DEFAULT CURRENT_TIMESTAMP,
  `update_on` datetime DEFAULT NULL ON UPDATE CURRENT_TIMESTAMP,
  `delete_on` datetime DEFAULT NULL
) ENGINE=InnoDB DEFAULT CHARSET=utf8;

--
-- Dumping data for table `personal`
--

INSERT INTO `personal` (`id_personal`, `nama_personal`, `foto_personal`, `hp_personal`, `email_personal`, `lokasi_personal`, `level_personal`, `password_personal`, `password_log_personal`, `insert_on`, `update_on`, `delete_on`) VALUES
(1, 'coba', 'Desert.jpg', '2222', 'coba@mail.com', '', 'admin', 'asdf', NULL, '2019-02-07 01:30:25', '2019-02-08 21:35:09', NULL),
(2, 'admin', 'Chrysanthemum4.jpg', '1123', 'admin@gmail.com', '', 'admin', 'asdf', NULL, '2019-02-08 05:17:26', '2019-02-08 20:24:25', NULL),
(3, 'pulung', '14.png', '081', 'pulung@gmail.com', '', 'admin', 'asdf', NULL, '2019-02-10 05:29:37', '2019-02-10 20:15:13', NULL),
(4, 'bayu', 'user1-128x128.jpg', '081222333444', 'bayu@mail.com', 'Gunung Kidul', 'penjual', 'asdf', NULL, '2019-02-23 02:41:50', '2019-03-20 15:10:40', NULL),
(5, 'Endra Setiawan ', 'avatar51.png', '111222333444', 'endra@mail.com', 'Bantul', 'penjual', 'asdf', NULL, '2019-03-05 19:09:41', '2019-04-03 10:10:34', NULL),
(7, 'hanif', 'Koala.jpg', '089111222333', 'hanif@gmail.com', 'Bantul', 'penjual', 'asdf', NULL, '2019-03-20 08:03:06', NULL, NULL);

-- --------------------------------------------------------

--
-- Table structure for table `pesan`
--

CREATE TABLE `pesan` (
  `id_pesan` int(11) NOT NULL,
  `datetime_pesan` timestamp NOT NULL DEFAULT CURRENT_TIMESTAMP,
  `nama_pesan` varchar(255) DEFAULT NULL,
  `email_pesan` varchar(255) DEFAULT NULL,
  `judul_pesan` varchar(255) DEFAULT NULL,
  `isi_pesan` text
) ENGINE=InnoDB DEFAULT CHARSET=utf8;

--
-- Dumping data for table `pesan`
--

INSERT INTO `pesan` (`id_pesan`, `datetime_pesan`, `nama_pesan`, `email_pesan`, `judul_pesan`, `isi_pesan`) VALUES
(1, '2019-01-03 12:46:34', 'Zamah Sari', 'zamahsari@umm.ac.id', 'Percobaan', 'pesan percobaan 1'),
(2, '2019-01-03 12:47:09', 'Zamah Sari', 'zamahsari@umm.ac.id', 'Percobaan 2', 'Pesan percobaan 2'),
(3, '2019-01-04 08:56:47', 'Helmiwati', 'helmiwati@gmail.com', 'Percobaan 3', 'ini pesan percobaan'),
(4, '2019-01-04 23:45:56', 'Zamah Sari', 'zamahsari@umm.ac.id', 'Percobaan 3', 'Pesan percobaan 3'),
(5, '2019-01-04 23:45:57', 'Helmiwati', 'helmiwati@gmail.com', 'Percobaan 4', 'ini pesan percobaan'),
(6, '2019-01-04 23:46:09', 'Zamah Sari', 'zamahsari@umm.ac.id', 'Percobaan 4', 'Pesan percobaan 4'),
(7, '2019-01-04 23:46:47', 'Zamah Sari', 'zamahsari@umm.ac.id', 'Percobaan 5', 'Pesan percobaan 5'),
(8, '2019-01-04 23:47:01', 'Zamah Sari', 'zamahsari@umm.ac.id', 'Percobaan 6', 'Pesan percobaan 6'),
(9, '2019-01-04 23:47:17', 'Helmiwati', 'helmiwati@gmail.com', 'Percobaan 5', 'ini pesan percobaan'),
(10, '2019-01-04 23:47:43', 'Helmiwati', 'helmiwati@gmail.com', 'Percobaan 6', 'ini pesan percobaan'),
(11, '2019-01-04 23:47:46', 'Helmiwati', 'helmiwati@gmail.com', 'Percobaan 7', 'ini pesan percobaan'),
(12, '2019-01-04 23:47:48', 'Helmiwati', 'helmiwati@gmail.com', 'Percobaan 8', 'ini pesan percobaan'),
(13, '2019-01-04 23:47:52', 'Helmiwati', 'helmiwati@gmail.com', 'Percobaan 9', 'ini pesan percobaan');

-- --------------------------------------------------------

--
-- Table structure for table `subkategori`
--

CREATE TABLE `subkategori` (
  `id_subkategori` int(11) NOT NULL,
  `nama_subkategori` varchar(100) NOT NULL,
  `idkategori_subkategori` int(11) NOT NULL
) ENGINE=InnoDB DEFAULT CHARSET=latin1;

--
-- Dumping data for table `subkategori`
--

INSERT INTO `subkategori` (`id_subkategori`, `nama_subkategori`, `idkategori_subkategori`) VALUES
(1, 'Acrochordidae', 1),
(2, 'Aniliidae', 1),
(3, 'Anomochilidae', 1),
(4, 'Boidae', 1),
(5, 'Bolyeriidae', 1),
(6, 'Colubridae', 1),
(7, 'Cylindrophiidae', 1),
(8, 'Elapidae', 1),
(9, 'Homalopsidae', 1),
(10, 'Hydrophiidae', 1),
(11, 'Lamprophiidae', 1),
(12, 'Loxocemidae', 1),
(13, 'Natricidae', 1),
(14, 'Pareatidae', 1),
(15, 'Pseudoxenodontidae', 1),
(16, 'Pythonidae', 1),
(17, 'Tropidophiidae', 1),
(18, 'Uropeltidae', 1),
(19, 'Viperidae', 1),
(20, 'Xenodontidae', 1),
(21, 'Xenopeltidae', 1),
(22, 'Typhlopidae', 1),
(23, 'Megophrys montana', 2),
(24, 'Leptobrachium hasseltii', 2),
(25, 'B. melanostictus', 2),
(26, 'Rana erythraea', 2),
(27, 'Ingerophrynus biporcatus', 2),
(28, 'Limnonectes kuhlii', 2),
(29, 'Microhyla achatina', 2),
(30, 'Polypedates leucomystax', 2),
(31, 'Fejervarya limnocharis', 2),
(32, 'Bufo asper', 2),
(33, 'Pyxicephalus adspersus', 2),
(34, 'Ceratophryidae', 2),
(35, 'African Spurred Tortoise', 3),
(36, 'Aldabra Tortoise', 3),
(37, 'Alligator Snapping', 3),
(38, 'Asian Forest Tortoise', 3),
(39, 'Cherry Head Tortoise', 3),
(40, 'Cuora amboinensis', 3),
(41, 'Forsten’s Tortoise', 3),
(42, 'Indian Star Tortoise', 3),
(43, 'Leopard Tortoise', 3),
(44, 'Radiated Tortoise', 3),
(45, 'Trachemys scripta elegans', 3),
(46, 'Gecko', 4),
(47, 'Crested Gecko', 4),
(48, 'African fat-tailed gecko', 4),
(49, 'Bearded Dragon', 4),
(50, 'Spiny-tailed Monitor', 4),
(51, 'Blue Tongued Skinks', 4),
(52, 'Green Anole', 4),
(53, 'Iguana', 4),
(54, 'Savannah Monitor', 4),
(55, 'Tegu', 4),
(56, 'Chinese Water Dragon', 4),
(57, 'Red-headed agama', 4),
(58, 'Spiny-tailed lizards', 4),
(59, 'Frilled-neck lizard', 4),
(60, 'Australian water dragon', 4),
(61, 'Chameleon', 4),
(62, 'Giant Day Gecko', 4),
(63, 'Golden Gecko', 4),
(64, 'Armadillo Lizard', 4),
(65, 'Varanus', 4),
(66, 'Venomous Lizard', 4),
(67, 'GEX', 5),
(68, 'Makanan', 5),
(69, 'Dekorasi', 5),
(70, 'Alas Kandang', 5),
(71, 'Lampu', 5),
(72, 'Tarantula', 6),
(73, 'Kalajengking', 6),
(74, 'Orchid Mantis', 6),
(76, 'Kelabang', 6);

-- --------------------------------------------------------

--
-- Stand-in structure for view `v_barang_personal`
--
CREATE TABLE `v_barang_personal` (
);

-- --------------------------------------------------------

--
-- Stand-in structure for view `v_kategori_subkategori`
--
CREATE TABLE `v_kategori_subkategori` (
`id_kategori` int(11)
,`nama_kategori` varchar(100)
,`id_subkategori` int(11)
,`nama_subkategori` varchar(100)
);

-- --------------------------------------------------------

--
-- Structure for view `v_barang_personal`
--
DROP TABLE IF EXISTS `v_barang_personal`;

CREATE ALGORITHM=TEMPTABLE DEFINER=`root`@`localhost` SQL SECURITY DEFINER VIEW `v_barang_personal`  AS  select `barang`.`id_barang` AS `id_barang`,`barang`.`nama_barang` AS `nama_barang`,`barang`.`idsubkategori_barang` AS `idsubkategori_barang`,`personal`.`id_personal` AS `id_personal`,`personal`.`nama_personal` AS `nama_personal`,`personal`.`foto_personal` AS `foto_personal`,`personal`.`hp_personal` AS `hp_personal`,`personal`.`lokasi_personal` AS `lokasi_personal` from (`personal` left join `barang` on((`barang`.`Idpersonal_barang` = `personal`.`id_personal`))) ;

-- --------------------------------------------------------

--
-- Structure for view `v_kategori_subkategori`
--
DROP TABLE IF EXISTS `v_kategori_subkategori`;

CREATE ALGORITHM=TEMPTABLE DEFINER=`root`@`localhost` SQL SECURITY DEFINER VIEW `v_kategori_subkategori`  AS  select `kategori`.`id_kategori` AS `id_kategori`,`kategori`.`nama_kategori` AS `nama_kategori`,`subkategori`.`id_subkategori` AS `id_subkategori`,`subkategori`.`nama_subkategori` AS `nama_subkategori` from (`kategori` left join `subkategori` on((`subkategori`.`idkategori_subkategori` = `kategori`.`id_kategori`))) ;

--
-- Indexes for dumped tables
--

--
-- Indexes for table `artikel`
--
ALTER TABLE `artikel`
  ADD PRIMARY KEY (`id_artikel`);

--
-- Indexes for table `barang`
--
ALTER TABLE `barang`
  ADD PRIMARY KEY (`id_barang`);

--
-- Indexes for table `kategori`
--
ALTER TABLE `kategori`
  ADD PRIMARY KEY (`id_kategori`);

--
-- Indexes for table `personal`
--
ALTER TABLE `personal`
  ADD PRIMARY KEY (`id_personal`);

--
-- Indexes for table `pesan`
--
ALTER TABLE `pesan`
  ADD PRIMARY KEY (`id_pesan`);

--
-- Indexes for table `subkategori`
--
ALTER TABLE `subkategori`
  ADD PRIMARY KEY (`id_subkategori`);

--
-- AUTO_INCREMENT for dumped tables
--

--
-- AUTO_INCREMENT for table `artikel`
--
ALTER TABLE `artikel`
  MODIFY `id_artikel` int(11) NOT NULL AUTO_INCREMENT, AUTO_INCREMENT=3;
--
-- AUTO_INCREMENT for table `barang`
--
ALTER TABLE `barang`
  MODIFY `id_barang` int(11) NOT NULL AUTO_INCREMENT, AUTO_INCREMENT=4;
--
-- AUTO_INCREMENT for table `kategori`
--
ALTER TABLE `kategori`
  MODIFY `id_kategori` int(11) NOT NULL AUTO_INCREMENT, AUTO_INCREMENT=7;
--
-- AUTO_INCREMENT for table `personal`
--
ALTER TABLE `personal`
  MODIFY `id_personal` int(11) NOT NULL AUTO_INCREMENT, AUTO_INCREMENT=8;
--
-- AUTO_INCREMENT for table `pesan`
--
ALTER TABLE `pesan`
  MODIFY `id_pesan` int(11) NOT NULL AUTO_INCREMENT, AUTO_INCREMENT=14;
--
-- AUTO_INCREMENT for table `subkategori`
--
ALTER TABLE `subkategori`
  MODIFY `id_subkategori` int(11) NOT NULL AUTO_INCREMENT, AUTO_INCREMENT=77;
/*!40101 SET CHARACTER_SET_CLIENT=@OLD_CHARACTER_SET_CLIENT */;
/*!40101 SET CHARACTER_SET_RESULTS=@OLD_CHARACTER_SET_RESULTS */;
/*!40101 SET COLLATION_CONNECTION=@OLD_COLLATION_CONNECTION */;
